model,window,training_episode_reward,completion_rate,sla_satisfaction_rate,avg_completion_time,total_system_energy_kwh,task_attributable_energy_per_total_job_j,queued_jobs,waiting_timeout_drops,routing_decision_count,routing_self_rate,routing_edge_rate,routing_cloud_rate,multi_hop_job_rate,avg_routing_edge_hops_per_job,host_started_rate,host_queued_rate,routing_critic_loss,routing_alpha,routing_policy_entropy,routing_target_entropy,host_critic_loss,host_alpha_mean,host_policy_entropy,host_target_entropy,edge_avg_cpu_load,edge_avg_gpu_load,host_episode_updates,host_replay_size_total,bgh_guidance_lambda
BCGH-MASAC,151-200,0.0,0.56395,0.50029,1996.9512663527096,88.5457378242051,66303.04279615701,1342.08,0.0,2000.0,1.0,0.0,0.0,0.0,0.0,0.31128999999999996,0.6710400000000001,,0.1000000014901161,,,1.7925823129907632,0.057259916029870454,0.7480685025945318,0.5933019860056112,0.1727567666581019,0.372040364581256,999.96,351000.0,0.0
BCGH-MASAC,601-650,1066.8586439282876,0.8086900000000001,0.75338,1530.7005384992651,94.88545839450613,78164.16097186081,902.6,0.0,4804.64,0.4298222339341347,0.5700665149383672,0.0,0.21007,1.4023200000000002,0.5370185174427015,0.4514282196141321,2.8596524642253227,0.13287433236837384,0.32233206017914107,0.3218875825405121,,0.04627703204751011,,,0.19490715301866765,0.41226147158223114,0.0,970205.66,0.8507014028056112
BCGH-MASAC,651-700,1127.559718719611,0.81066,0.7556700000000001,1531.5286055956522,94.78474038006368,78208.75778451121,896.6,0.0,4711.88,0.43167112078379705,0.5682060726113671,0.0,0.20940999999999999,1.35594,0.5387317845469726,0.44843421622487,2.907363824411771,0.1278804929554462,0.3216449012765423,0.3218875825405121,,0.04627703204751011,,,0.1952021538499111,0.41513810167569987,0.0,981270.18,0.9509018036072144
BCGH-MASAC,701-710,-22.424615197284602,0.71905,0.64835,1747.0835166963916,91.35915952070228,77017.33571083774,1237.5,0.0,4487.9,0.49188182767321054,0.5080148421419223,0.0,0.19005,1.2439500000000001,0.37020298732950063,0.618943434580153,2.840028788018169,0.142536349594593,0.3201177232942589,0.3218875825405121,1.158771692344836,0.046775042489170984,0.5614217835960107,0.6103178502494062,0.20050502141408894,0.43564644388009777,999.8,987903.4,0.9849498327759196
BCGH-MASAC,711-750,-364.67925376729573,0.7312125,0.6683,1738.7016399809909,96.38434152331531,82963.10238073098,1217.8,0.0,5994.7,0.3770124882661208,0.6226721034460725,0.0,0.2592,1.9973500000000002,0.3775739357619067,0.6094877805721006,1.9748977662514882,0.16514191888272758,0.32191989462523896,0.3218875825405121,1.0877618075466018,0.05282104603014881,0.5908424972501091,0.6077580520002984,0.20291139892545057,0.4284636891569436,999.05,992990.5,0.9013377926421405
BCGH-MASAC,751-800,-225.53863837076136,0.7091500000000001,0.6421000000000001,1826.2020546734161,94.65113851000712,82120.09399397968,1337.16,0.0,4693.88,0.45639654033015725,0.5433417006852405,0.0,0.19664,1.3469400000000002,0.3204317656825391,0.6690115537713964,1.662314766621452,0.14081032618880268,0.3228762388764935,0.3218875825405121,1.1330084679424657,0.04520833490788933,0.623933143302176,0.603794762307738,0.2133112744376323,0.44521804606805476,999.32,999635.26,0.7508361204013378
BCGH-MASAC,801-900,431.050882076889,0.7275649999999999,0.66247,1799.2618070563747,93.64013038036201,80877.63251390186,1335.19,0.0,3411.17,0.5954577886245657,0.40439520765237547,0.0,0.11195000000000001,0.7055849999999998,0.3231540065723156,0.6677687315482295,1.7153529726192682,0.11710893504321572,0.32198972740219295,0.3218875825405121,1.2521658547047558,0.03916469378769393,0.6026893908971723,0.6036974112588827,0.2189294925745469,0.45386361515947177,999.72,1000000.0,0.5
BCGH-MASAC,901-1000,494.8302383920013,0.7367500000000001,0.6727399999999999,1766.8315125244235,95.41441424751577,82548.31676789687,1327.79,0.0,3576.35,0.5696399609351581,0.4302021011185248,0.0,0.12336,0.788175,0.3269022792428838,0.6640800834796242,1.6221268636503867,0.11743927814066407,0.32192410374210484,0.3218875825405121,1.3169798585071417,0.0411794341281056,0.5990946796228326,0.6035942932295361,0.218527228841729,0.4467625372518651,999.74,1000000.0,0.16555183946488283
H-MASAC,151-200,0.0,0.56395,0.50029,1996.9512663527096,88.5457378242051,66303.04279615701,1342.08,0.0,2000.0,1.0,0.0,0.0,0.0,0.0,0.31128999999999996,0.6710400000000001,,0.1000000014901161,,,1.7925823129907632,0.057259916029870454,0.7480685025945318,0.5933019860056112,0.1727567666581019,0.372040364581256,999.96,351000.0,
H-MASAC,601-650,1136.5015104451427,0.81176,0.7580099999999999,1527.5800766601792,94.13377942062081,78222.4347208919,902.7,0.0,4728.42,0.4317641854895476,0.5680958517089018,0.0,0.21044000000000002,1.3642100000000001,0.5362239495869894,0.45149226674335347,2.9711370542774733,0.13010095030069346,0.3220687854894316,0.3218875825405121,,0.04627703204751011,,,0.1986454830761605,0.42096871657780427,0.0,971114.02,
H-MASAC,651-700,1033.6098975737475,0.8059899999999999,0.7503800000000002,1551.4998701010156,94.93896928915768,78592.3507210014,915.26,0.0,4795.58,0.42145989904116254,0.5784067853083703,0.0,0.22967,1.3977899999999999,0.53011843084271,0.45777779573289784,2.9257023129005315,0.13624341577291485,0.32188951752373063,0.3218875825405121,,0.04627703204751011,,,0.19686408353218507,0.4162452808973377,0.0,982294.14,
H-MASAC,701-710,-30.43539510196316,0.7309499999999999,0.6650500000000001,1687.5523068368043,94.98872651849639,78542.10451160617,1152.3,0.0,5026.6,0.41313697627816753,0.5867176035806185,0.0,0.25505000000000005,1.5133000000000003,0.4106136100882221,0.5763811094926251,2.8785353559154023,0.13642655014991756,0.32081981700257406,0.3218875825405121,1.193328411765376,0.0471728707104921,0.5493732386889075,0.6053205578010051,0.18784536365076415,0.41009091220308436,999.6,989001.6,
H-MASAC,711-750,-166.7283313806912,0.7348375,0.6742,1725.6191501904746,96.67575027896302,82469.58787582853,1219.725,0.0,5585.8,0.38406974118709003,0.6156146112722692,0.0,0.23407499999999998,1.7929000000000002,0.3773093497578623,0.6105277900276042,2.2835325907877264,0.16295152269303795,0.32145916288089016,0.3218875825405121,1.0577269287444917,0.05351425587199623,0.5845357317653376,0.6065110423448019,0.2032992831372528,0.42487136665697867,998.95,994145.525,
H-MASAC,751-800,72.61790166736266,0.7212799999999998,0.65597,1804.4698740274957,95.47932275269936,82138.79199153263,1320.06,0.0,4270.94,0.484289258285034,0.515572335256847,0.0,0.16572000000000003,1.13547,0.328511200143185,0.6602353068336587,1.830094150589271,0.1464674240350723,0.32294203086965356,0.3218875825405121,1.1076619578635447,0.04531890022009606,0.6389915852070912,0.6032428542242289,0.21180679228642607,0.4414872584322142,999.64,999856.6,
H-MASAC,801-900,460.07491578495285,0.73461,0.668725,1781.868970007298,95.05725600503742,81531.69817868771,1321.33,0.0,3618.12,0.5658391540177271,0.43405162029760674,0.0,0.124295,0.8090599999999999,0.3289610753275526,0.6607969457875345,1.7120201460117697,0.1200894038379192,0.3223033881275055,0.3218875825405121,1.2007394222607766,0.03969818352535363,0.5997732814711548,0.6016878893321977,0.214025762891925,0.44461436583833525,999.82,1000000.0,
H-MASAC,901-1000,502.7444370082143,0.727795,0.662315,1792.7387564124683,94.13541319648242,81546.52668486295,1339.57,0.0,3240.5,0.6217075480825028,0.3781838623474982,0.0,0.09741999999999999,0.6202500000000001,0.31810097634423223,0.6699019069842588,1.5578406197736911,0.1109590013325214,0.3219876601681148,0.3218875825405121,1.2405139137629602,0.035304682083427866,0.612351775194876,0.6019775954513422,0.21912135095211846,0.4514855141333004,999.8,1000000.0,
OPT,151-200,0.0,0.56395,0.50029,1996.9512663527096,88.5457378242051,66303.04279615701,1342.08,0.0,2000.0,1.0,0.0,0.0,0.0,0.0,0.31128999999999996,0.6710400000000001,,0.1000000014901161,,,1.7925823129907632,0.057259916029870454,0.7480685025945318,0.5933019860056112,0.1727567666581019,0.372040364581256,999.96,351000.0,
OPT,601-650,672.1003896163788,0.75848,0.6972,1638.6213262569195,93.39803983743774,76571.5875314497,1051.98,0.0,3984.8,0.5066553749548084,0.49317933626123645,0.0,0.15425,0.9923999999999998,0.4647966310496336,0.5261701047774602,3.367665428599573,0.1131700402498245,0.3221797587621667,0.3218875825405121,,0.04627703204751011,,,0.19884887151083125,0.41090687040756835,0.0,977968.82,
OPT,651-700,781.5812738984141,0.7664699999999999,0.7023900000000001,1637.737188483848,93.56386375097783,76873.21687223122,1036.76,0.0,3945.42,0.5105549745503831,0.4892611138217891,0.0,0.14922000000000002,0.9727100000000002,0.4719977848735097,0.5185688570503862,3.356837999336585,0.11357877299189562,0.32216591308285314,0.3218875825405121,,0.04627703204751011,,,0.20067971534148296,0.41387322746264377,0.0,989902.5,
OPT,701-710,12.177187789266284,0.7159500000000001,0.6425000000000001,1732.377166770617,93.6698808901417,76629.91601991912,1235.5,0.0,4231.9,0.4814033060510449,0.5184573248049316,0.0,0.18910000000000002,1.11595,0.3748607484923643,0.6179365996561844,3.3044351221055983,0.10935432314872737,0.32200283796954876,0.3218875825405121,1.3894895583279887,0.04752237703651185,0.5232129909544778,0.6051817671560864,0.19036883360549164,0.4060337053885851,999.8,997086.5,
OPT,711-750,86.54911174566033,0.7192000000000001,0.6470375,1777.4552521917146,95.05957607217199,79466.00744997743,1249.525,0.0,4143.85,0.5000608228425254,0.499783315589924,0.0,0.14797500000000002,1.0719249999999998,0.364492218738248,0.6249667600754832,2.8715980056631727,0.12107003163546319,0.3210854000108534,0.3218875825405121,1.25546469362497,0.0552340571954846,0.5429552605977889,0.6047327396350312,0.2011908135788643,0.41846949997395555,999.7,999828.25,
OPT,751-800,440.40218938241816,0.7194900000000001,0.65197,1814.2210579753062,95.33109892167387,79829.6744778323,1315.72,0.0,3073.58,0.6516238427339678,0.34826655807294954,0.0,0.04650999999999999,0.53679,0.33183810019682597,0.6579702934843863,2.576777076987934,0.12764024868607518,0.32246933794588906,0.3218875825405121,1.2763024518552972,0.05611263779550787,0.6157114278630029,0.6041078577994143,0.2048974472909398,0.42722644634270424,999.8,1000000.0,
OPT,801-900,490.9686226199236,0.71943,0.65224,1833.3309671586405,94.49896104678399,81098.46012997745,1355.03,0.0,2901.84,0.6897547071748698,0.31013830562254924,0.0,0.036715000000000005,0.45091999999999993,0.31269444522811957,0.6776190189038462,2.32044136230059,0.11019172266125675,0.32199687190045756,0.3218875825405121,1.2757885330704601,0.05107647328823802,0.6106067963133579,0.6002619883872026,0.21485057891646747,0.444537649944746,999.86,1000000.0,
OPT,901-1000,639.4993316181824,0.7293199999999999,0.6639050000000001,1806.0399343282181,94.73771841748105,82890.9930283833,1353.63,0.0,2822.65,0.7087502079934648,0.29118324301042875,0.0,0.024795,0.411325,0.313954877485912,0.6768792668785061,1.8766245910839012,0.10751979365944858,0.3222336252625864,0.3218875825405121,1.2153263184008614,0.04759085043147202,0.6030803459189673,0.6027747000915998,0.22271731125067845,0.4524341403425389,999.88,1000000.0,
