experiment,phase,window,original_start,original_end,n,completion_rate_mean,sla_satisfaction_rate_mean,avg_completion_time_mean,total_system_energy_kwh_mean,training_episode_reward_mean,host_layer_reward_sum_mean,host_started_rate_mean,host_queued_rate_mean,host_critic_loss_mean,host_actor_loss_mean,host_alpha_mean_mean,host_policy_entropy_mean,host_target_entropy_mean,host_mean_q1_mean,host_mean_target_q_mean,host_episode_updates_mean,host_dropped_rate_mean,completion_rate_sd,sla_satisfaction_rate_sd,avg_completion_time_sd,total_system_energy_kwh_sd,training_episode_reward_sd,host_layer_reward_sum_sd,host_started_rate_sd,host_queued_rate_sd,host_critic_loss_sd,host_actor_loss_sd,host_alpha_mean_sd,host_policy_entropy_sd,host_target_entropy_sd,host_mean_q1_sd,host_mean_target_q_sd,host_episode_updates_sd,host_dropped_rate_sd,routing_critic_loss_mean,routing_actor_loss_mean,routing_alpha_mean,routing_policy_entropy_mean,routing_target_entropy_mean,routing_mean_q1_mean,routing_mean_target_q_mean,routing_episode_updates_mean,routing_self_rate_mean,routing_edge_rate_mean,routing_cloud_rate_mean,multi_hop_job_rate_mean,bcgh_guidance_lambda_mean,routing_critic_loss_sd,routing_actor_loss_sd,routing_alpha_sd,routing_policy_entropy_sd,routing_target_entropy_sd,routing_mean_q1_sd,routing_mean_target_q_sd,routing_episode_updates_sd,routing_self_rate_sd,routing_edge_rate_sd,routing_cloud_rate_sd,multi_hop_job_rate_sd,bcgh_guidance_lambda_sd
200-200-700,host_pretrain,1-50,1,50,50,0.41290999999999994,0.36668,1997.2795449342063,84.71061194401786,0.0,-2959.032628858464,0.23986999999999997,0.7407399999999998,2.851926121032206,-1.8110003634220804,0.10127864059805866,0.6977972534355418,0.5919384669816911,-1.8122890878944635,-1.8198310718587227,750.08,0.01939,0.058027235864211345,0.05640096612285855,188.71280858087565,8.48219441572077,0.0,726.2220025579818,0.03704049218388559,0.03330444598621902,1.2135369203102462,0.28565497116803373,0.0020067492920407184,0.25454354309487737,0.0019502956104600004,0.24739843172150222,0.25044550756285483,359.0518034365242,0.006467572171682227,,,,,,,,,,,,,,,,,,,,,,,,,,
200-200-700,host_pretrain,51-100,51,100,50,0.5212699999999999,0.46479,2002.6167645597588,85.49877754397748,0.0,-1625.7741764792836,0.28911000000000003,0.6947899999999998,1.8869291626182658,-1.718933077369054,0.10620384153723714,0.6264246816545965,0.5931821310584731,-1.2924243719102921,-1.2918663874729572,1000.0,0.0161,0.026118101081082305,0.03041953085014391,136.12673394418167,3.7708771953872584,0.0,338.4063092122979,0.02966277987991148,0.02940881618473881,0.05354151438786285,0.11846177004501383,0.0019265887627812233,0.032189604245489584,0.000641771568237497,0.09709151400131714,0.09707711794598727,1.5118578920369088,0.003223004049336708,,,,,,,,,,,,,,,,,,,,,,,,,,
200-200-700,host_pretrain,101-150,101,150,50,0.55096,0.49077999999999994,2006.539539048309,87.9712138309064,0.0,-1264.5449415133864,0.30789,0.6730300000000001,1.7859824914416544,-1.493736454975853,0.09503379267454141,0.7155364695537468,0.5933800605893049,-1.0493019896335605,-1.0489036395772298,1000.08,0.01908,0.023567064531083308,0.024210210360802016,86.41436798823405,2.861852574809061,0.0,297.6696579389195,0.02328533961135905,0.02259411382621228,0.020093039795632053,0.17421439872263667,0.0117753347974655,0.047660393531155074,0.0006249440380765424,0.05583402136514371,0.05586961584029465,1.6640251175498328,0.0035590643117974427,,,,,,,,,,,,,,,,,,,,,,,,,,
200-200-700,host_pretrain,151-200,151,200,50,0.56711,0.50448,1981.9683174828524,87.41079845440795,0.0,-1071.8038407850024,0.31772,0.66509,1.747060108035362,-0.9570797427654274,0.05859235994517799,0.7601080280009205,0.5933019860056112,-0.9203120300073364,-0.9198071584144032,999.96,0.01719,0.01883122948937834,0.01965336342404402,83.82648716261819,3.2829550923830007,0.0,241.05741988034464,0.01931694825265933,0.01840466056769983,0.02021088490612548,0.12409949304897189,0.008165120218543983,0.004914753533282527,0.0007211311264432314,0.043276703985895906,0.043250593114803525,1.6898254951567135,0.0030487367742012997,,,,,,,,,,,,,,,,,,,,,,,,,,
200-200-700,routing_all,1-50,201,250,50,0.9122300000000001,0.8685499999999999,1387.1004968554353,103.55899057638209,2036.570471578896,2038.4748780041355,0.5113676341337992,0.4880037736545434,,,,,,,,,,0.1187056129718406,0.12301784547829818,187.17004598760784,6.655935123873072,1656.458523429444,986.191924143447,0.08699676575109609,0.08676298846058526,,,,,,,,,,1.3875129247979492,-1.2859479570119927,0.11980635702610012,0.38444309444839997,0.3583518862724304,0.8450619046827813,0.8457455760925514,1732.92,0.42833461672263906,0.3906832379958998,0.18073976328954283,0.09465000000000001,0.386180904522613,0.20512233092783702,0.34250857568868354,0.014348366148823974,0.17536559362840518,0.0,0.4091324155160651,0.40895293807705674,859.3986706424678,0.08379085533980525,0.11383644521201339,0.08136882034540509,0.09173905150713392,0.05127721515567475
200-200-700,routing_all,51-100,251,300,50,0.9700099999999999,0.9232300000000001,1331.709983322384,105.22447857589579,2874.588186619494,2542.6038550200983,0.535361489616217,0.46423537703821005,,,,,,,,,,0.009169876370653047,0.011218702496914942,42.138361657378034,4.526953434672813,157.8126756646996,175.90045876966792,0.022219634343963696,0.022227118597293673,,,,,,,,,,0.9479291285295071,-1.4063141503946397,0.117673367857933,0.35895688035928275,0.3583518862724304,1.3121534111985387,1.313343970689181,1481.48,0.4543303675007801,0.32473016593303855,0.2208585147189612,0.039909999999999994,0.5620603015075376,0.08709787132838881,0.02057604756918732,0.004721731984648338,0.0031360456124137005,0.0,0.07291416457359043,0.0731398609237025,33.380453769796944,0.0256334640276297,0.014938895280569908,0.01576165011580212,0.007881578884607176,0.05127721515567476
200-200-700,routing_all,101-150,301,350,50,0.97237,0.92491,1334.0565601843314,103.23144639456922,2965.100402754753,2652.2254493566406,0.5401230628549815,0.45964535609404356,,,,,,,,,,0.005981954154806287,0.009046754971270311,40.83362943612805,4.079578730471708,142.716963900644,176.33071677552363,0.01895526761176551,0.018907946444315964,,,,,,,,,,0.817283495201333,-1.3908559342108577,0.1097213393449783,0.35822432136244914,0.3583518862724304,1.3927306460219073,1.3938463906033118,1467.28,0.4719376267498805,0.3182947476920167,0.20966505016525663,0.04366,0.7379396984924624,0.016370090181881503,0.004264698227837664,0.0018628662024226391,0.0026313826978903603,0.0,0.007885335375473422,0.007770449457910549,28.687649337124082,0.025953139203753875,0.01315341279924465,0.01753533324034286,0.008347943654895267,0.05127721515567475
200-200-700,routing_all,151-200,351,400,50,0.9717600000000001,0.9232,1339.586553902301,105.11372374209867,2957.3636604358517,2635.53584382664,0.5423541905877627,0.4573497276753315,,,,,,,,,,0.005581712121211702,0.009763008067732622,42.86545504934542,5.1519963190492115,148.99337455393325,197.7820678863879,0.019318493460626588,0.01948342185307781,,,,,,,,,,0.7894615328727812,-1.4107268090161256,0.11199625253677364,0.35868041620856594,0.3583518862724304,1.421914963317797,1.4227297513788688,1454.08,0.476205714060993,0.3121271584269063,0.21160555693466704,0.04108,0.913819095477387,0.009204136801919763,0.0043035350100231115,0.00270301707935128,0.0028175099707883596,0.0,0.004759754520272894,0.004804499014574405,24.13891768366543,0.027505070993663932,0.01139209223271626,0.022303486005565334,0.006280322362712908,0.05127721515567475
200-200-700,routing_all,201-250,401,450,50,0.97615,0.9342899999999997,1320.0545709083797,106.72969540482556,2951.129453330176,2599.378063024784,0.5484952016200897,0.4512248431332798,,,,,,,,,,0.03328805172663462,0.03291037458161242,49.236941650298185,5.031907228645646,385.8401596845476,342.25279068491903,0.030329654683646907,0.030274456399261577,,,,,,,,,,0.8270135327168613,-1.4357021980550624,0.10832721307873722,0.35804565999842103,0.3583518862724304,1.4316094895032716,1.432101105963245,1475.6,0.45506628141396954,0.3219322733348086,0.22291320614244525,0.05127999999999999,0.9754649499284692,0.028275592393167678,0.04218395761419979,0.0026585968817596215,0.0026115115642585235,0.0,0.022037452589561107,0.021897034583150083,37.577674657342236,0.02839332390577519,0.017345440077513374,0.027405598791435032,0.016963393961524253,0.01459823435762415
200-200-700,routing_all,251-300,451,500,50,0.97275,0.93107,1336.662477988342,105.32542453713555,2956.196069424271,2630.851746076412,0.5014441854007982,0.49846813696752057,,,,,,,,,,0.00439300232048142,0.008964789399622934,52.85112154483811,5.958025924327949,173.32248863021965,236.16288372378042,0.029832848501242973,0.029799136266852762,,,,,,,,,,0.6636694949928788,-1.5556666756204547,0.12173710629343983,0.3586488207459796,0.3583518862724304,1.4908255230325036,1.4909896989138207,1502.04,0.4595780391733792,0.33403599529941863,0.20627211338854434,0.05777,0.9253934191702432,0.06845870600049393,0.03419321133403939,0.006151710122064646,0.0030464354873869365,0.0,0.01646515131620399,0.016337731676632345,31.32577995510915,0.032508893329236586,0.01381423746558855,0.02539508116583912,0.010254023600518969,0.014598234357624137
200-200-700,routing_all,301-350,501,550,50,0.9728,0.9227500000000002,1359.830539244119,104.70671069514283,2923.9464553412517,2514.7258345918844,0.45707172431651677,0.5427894829822602,,,,,,,,,,0.004868683767986285,0.00984587865711396,45.48358701150491,4.182586785930815,147.96218993958618,189.0263754387126,0.024096196890852174,0.02411282181842725,,,,,,,,,,0.5968479464826261,-1.4036805859253192,0.10405889004468914,0.3591709650380321,0.3583518862724304,1.3969898337748603,1.3970042926137076,1417.84,0.47130282620279135,0.29436199365428595,0.23421425787014521,0.03684,0.8753218884120173,0.010047166400140138,0.026606882041832914,0.0047610031453786715,0.002695094640799043,0.0,0.019123892749016935,0.01936321974699323,35.430506859576965,0.026479153480657595,0.017526846684225158,0.02007051447142287,0.007913718391218518,0.014598234357624144
200-200-700,routing_all,351-400,551,600,50,0.9743599999999999,0.9229,1354.1586490354007,105.54690147915483,2931.934580109971,2486.7779812564227,0.4637969368078812,0.5359900219364614,,,,,,,,,,0.005873704807297128,0.009124423381278205,32.81211950489114,3.791194827672301,96.8813780672422,127.9264418767958,0.019881962823320828,0.01999563989419124,,,,,,,,,,0.6043564824024216,-1.3667549105188648,0.0944583228230476,0.3585634635178808,0.3583518862724304,1.380552891363224,1.380362407265049,1371.72,0.47888476450690143,0.2707586980534208,0.25025518063825536,0.028539999999999996,0.8252503576537912,0.01994075038686442,0.0045088982790139915,0.0010111053183296654,0.0022834333405766663,0.0,0.005132658066225635,0.0051801538582687675,28.292957225631763,0.020429898944446582,0.015068363147535277,0.019539353057223974,0.0064829761369171145,0.014598234357624142
200-200-700,routing_all,401-450,601,650,50,0.97682,0.92756,1346.7563126841874,106.69330628907781,2964.905558068536,2526.016952811352,0.4646236393068726,0.5352848321505695,,,,,,,,,,0.004643142848352187,0.009351219499212337,38.76441109832124,4.4902550414255575,148.83454836147038,201.1052476745001,0.021733711906436172,0.021704847866166457,,,,,,,,,,0.5742704199715937,-1.3855536473110377,0.09868989109992977,0.3573883360177993,0.3583518862724304,1.3998413943671213,1.3999326753678292,1371.84,0.48049895132517795,0.2709771133148371,0.24842193300838647,0.025939999999999998,0.775178826895565,0.033400852425998794,0.017558707519164985,0.004514330496426009,0.0022491780816558,0.0,0.007475108030948725,0.0074503055209874675,20.084881104442513,0.027267655637080977,0.010761458986636658,0.024644231502274815,0.00584549364197476,0.014598234357624142
200-200-700,routing_all,451-500,651,700,50,0.9764499999999999,0.92601,1367.74873573804,106.6286431496065,2971.3532735145855,2530.439399440978,0.44629618052281655,0.5535691624402651,,,,,,,,,,0.004892987485229474,0.00965924005123317,49.94424661488715,5.983167819734213,154.81837686100695,211.07757687259573,0.01952990338330483,0.019472859212910632,,,,,,,,,,0.4674278720128244,-1.4150314773493116,0.10700080543756481,0.3587475369453439,0.3583518862724304,1.4102482982374798,1.4100580643585585,1373.32,0.48337690499096475,0.27171611234609994,0.24477526180708487,0.02956,0.7251072961373392,0.01959963342050959,0.01405877702702051,0.0015892238815424222,0.002344749281276479,0.0,0.006710901094289357,0.0066919879826279685,23.241799080316394,0.028327541122553798,0.012160947519229578,0.02350360613098522,0.0067473653210353285,0.014598234357624144
200-200-700,routing_all,501-550,701,750,50,0.97616,0.9218500000000001,1368.0118677405126,106.56220374790293,2989.0819329688366,2561.893741377806,0.44774741837935367,0.5521183866965859,,,,,,,,,,0.003861690440885251,0.008095885828427851,41.695028437750686,4.978015849456419,132.92443559227735,181.91893407439758,0.023490967947362447,0.02344326581849563,,,,,,,,,,0.4495509205035064,-1.3993332525344826,0.09974947616457935,0.358819511393691,0.3583518862724304,1.4109908400339244,1.411003898890999,1364.24,0.4921282609224473,0.2669972612882178,0.24072093198502156,0.025389999999999996,0.675035765379113,0.008296735002035408,0.0035237601769785654,0.0018217645676179006,0.0017365438665684894,0.0,0.003867180395815079,0.0038202754103531297,16.520315261112017,0.02596852615116613,0.008908734026520725,0.02187355195230912,0.005514628042667937,0.014598234357624142
200-200-700,routing_all,551-600,751,800,50,0.97724,0.9229,1370.5715231879017,106.0338214743786,2958.3948141018714,2496.178530970137,0.44234543808407095,0.5575777665830712,,,,,,,,,,0.004492896888309328,0.009115472381324735,47.47512000270582,5.065611434610593,143.76339407851484,190.2149147706338,0.019128162387697437,0.01915915134432245,,,,,,,,,,0.4439398095153991,-1.3981252567452587,0.09713671311736104,0.3583637571108163,0.3583518862724304,1.4118384155683084,1.4119205111507143,1360.52,0.4813954257532798,0.2649302190462635,0.25351279836373114,0.0235,0.624964234620887,0.009699084820118007,0.0072235914487182515,0.0008338983227360339,0.0018815888441013429,0.0,0.007030123740581166,0.006874345535164453,22.369111356000328,0.025391284082595472,0.011965480045090555,0.021914331150273605,0.006312443170081629,0.01459823435762415
200-200-700,routing_all,601-650,801,850,50,0.97875,0.92179,1373.966759194437,105.6972165641403,3009.502989660641,2571.026620711227,0.4433670090791425,0.5564400088529456,,,,,,,,,,0.0037365404713287326,0.007304660240181606,39.138134690553215,4.1676147854034,111.05349617188595,152.85373530536617,0.01926283021244895,0.019301263542682048,,,,,,,,,,0.3986847334414977,-1.3974800465869464,0.09855105429887769,0.3582542811616936,0.3583518862724304,1.410919035313532,1.4108355877820709,1358.2,0.49098939792617424,0.26365649004918795,0.2452432558788896,0.02311,0.574892703862661,0.012188870857739665,0.0038756645357246196,0.0008302731113925401,0.0019171984850256396,0.0,0.004092400387783804,0.00406205041445986,18.94029286673126,0.023363952271305014,0.010312113528256414,0.01902362140328836,0.005591803403743952,0.014598234357624137
200-200-700,routing_all,651-700,851,900,50,0.9775500000000001,0.9213299999999998,1369.3786438863647,106.06014480008277,3000.991880566403,2566.4608888009097,0.44468886344955805,0.5551289854249971,,,,,,,,,,0.0040041432623354216,0.008612171026861834,37.04204065406724,4.858591996285462,141.22545666703522,193.91695124713897,0.01917989672316354,0.01921231330363854,,,,,,,,,,0.3949283595582091,-1.4190771152143962,0.09688121587038037,0.35876431423291644,0.3583518862724304,1.4330859097411337,1.4329461369740153,1359.52,0.49193852192890913,0.2644324881143822,0.243518722262279,0.022030000000000004,0.5248211731044349,0.008865689753336257,0.004355220244679797,0.0022218112877978578,0.001998783020763488,0.0,0.004468341908268736,0.004347883771272757,16.170317983066052,0.028278549130731554,0.008647608720899808,0.02383116457017857,0.006140705603277399,0.014598234357624142
200-200-700,routing_all,701-750,901,950,50,0.9775499999999999,0.9191799999999999,1371.558205587885,105.81619842114561,2986.943280956987,2557.532644597706,0.442456485186877,0.5574229379703564,,,,,,,,,,0.004198213905936672,0.008796311843086085,42.67929265070513,5.115878649630317,140.7559441919187,192.20280672831572,0.019099695308193554,0.01914008358611984,,,,,,,,,,0.4065785780525419,-1.414151568048355,0.09896326854825016,0.3580850809084011,0.3583518862724304,1.424788453613868,1.4245757900661544,1372.32,0.48688567203122984,0.2711656118453734,0.24186211940029093,0.025690000000000004,0.47474964234620887,0.004928412623502553,0.005002276793647999,0.0014157800395632918,0.0018138538003752247,0.0,0.005693515499052796,0.005599536947868694,23.58955147465738,0.029282235515427163,0.012684849620971213,0.02318047026800625,0.006616221561820768,0.014598234357624135
200-200-700,routing_all,751-800,951,1000,50,0.9788899999999999,0.9232400000000002,1367.8238772039203,105.52199481890473,3026.9687175405006,2598.763632112693,0.4515372661875403,0.5483872445837337,,,,,,,,,,0.004410435213843439,0.008014807724277793,37.74386458061081,4.676904025448123,132.17137747436612,184.52028234872034,0.01925432494124128,0.019234430212442602,,,,,,,,,,0.37979665388879347,-1.4153968416029437,0.10108423784375187,0.3584671416343052,0.3583518862724304,1.4246460641891059,1.424424616853082,1365.6,0.4924387098699045,0.26762855903355304,0.23984510462155229,0.02241,0.4246781115879829,0.0089771806661736,0.004454627361500708,0.0011527335325310561,0.0022742179784890413,0.0,0.004657358350820705,0.004571074868884065,19.1662969499982,0.02461237261191106,0.01023943675734241,0.022695959638541895,0.005060541634316732,0.014598234357624145
200-200-700,joint_finetune,1-50,401,450,50,0.97615,0.9342899999999997,1320.0545709083797,106.72969540482556,2951.129453330176,2599.378063024784,0.5484952016200897,0.4512248431332798,1.3444738241880247,-1.405009640182831,0.04054488943517203,0.7191466584098927,0.6001035845270701,0.4992426589765324,0.4998299197453647,671.16,0.000279955246630398,0.03328805172663462,0.03291037458161242,49.236941650298185,5.031907228645646,385.8401596845476,342.25279068491903,0.030329654683646907,0.030274456399261577,0.0801546783290377,0.06613049528553122,0.0028015198639877946,0.026493547280081256,0.0025125152253880323,0.07121091670964719,0.07126833079145302,39.79147688454227,0.00047194189705271567,0.8270135327168613,-1.4357021980550624,0.10832721307873722,0.35804565999842103,0.3583518862724304,1.4316094895032716,1.432101105963245,1475.6,0.45506628141396954,0.3219322733348086,0.22291320614244525,0.05127999999999999,0.9754649499284692,0.028275592393167678,0.04218395761419979,0.0026585968817596215,0.0026115115642585235,0.0,0.022037452589561107,0.021897034583150083,37.577674657342236,0.02839332390577519,0.017345440077513374,0.027405598791435032,0.016963393961524253,0.01459823435762415
200-200-700,joint_finetune,51-100,451,500,50,0.97275,0.93107,1336.662477988342,105.32542453713555,2956.196069424271,2630.851746076412,0.5014441854007982,0.49846813696752057,1.1931567783835801,-1.4892018199227066,0.03294415146112437,0.6700776135525747,0.6000758408939139,0.6580754760162035,0.6586692798495456,689.72,8.7677631681116e-05,0.00439300232048142,0.008964789399622934,52.85112154483811,5.958025924327949,173.32248863021965,236.16288372378042,0.029832848501242973,0.029799136266852762,0.035551589120013466,0.036965774639375296,0.0014314132945378194,0.016898114673429308,0.0015679840942090088,0.0578400675282633,0.0578388716811172,40.878136464573906,0.00024074573252868064,0.6636694949928788,-1.5556666756204547,0.12173710629343983,0.3586488207459796,0.3583518862724304,1.4908255230325036,1.4909896989138207,1502.04,0.4595780391733792,0.33403599529941863,0.20627211338854434,0.05777,0.9253934191702432,0.06845870600049393,0.03419321133403939,0.006151710122064646,0.0030464354873869365,0.0,0.01646515131620399,0.016337731676632345,31.32577995510915,0.032508893329236586,0.01381423746558855,0.02539508116583912,0.010254023600518969,0.014598234357624137
200-200-700,joint_finetune,101-150,501,550,50,0.9728,0.9227500000000002,1359.830539244119,104.70671069514283,2923.9464553412517,2514.7258345918844,0.45707172431651677,0.5427894829822602,1.1394495131730522,-1.46399676173173,0.03029177915304894,0.626446736883941,0.6004836751289889,0.7456221494839282,0.7461977135081146,667.76,0.00013879270122291198,0.004868683767986285,0.00984587865711396,45.48358701150491,4.182586785930815,147.96218993958618,189.0263754387126,0.024096196890852174,0.02411282181842725,0.029958393462487,0.027726623604441832,0.0004642968743137245,0.009631580444847252,0.0015840310660139782,0.04734230731182921,0.04735972751682962,29.880414717226895,0.0004083923414545239,0.5968479464826261,-1.4036805859253192,0.10405889004468914,0.3591709650380321,0.3583518862724304,1.3969898337748603,1.3970042926137076,1417.84,0.47130282620279135,0.29436199365428595,0.23421425787014521,0.03684,0.8753218884120173,0.010047166400140138,0.026606882041832914,0.0047610031453786715,0.002695094640799043,0.0,0.019123892749016935,0.01936321974699323,35.430506859576965,0.026479153480657595,0.017526846684225158,0.02007051447142287,0.007913718391218518,0.014598234357624144
200-200-700,joint_finetune,151-200,551,600,50,0.9743599999999999,0.9229,1354.1586490354007,105.54690147915483,2931.934580109971,2486.7779812564227,0.4637969368078812,0.5359900219364614,1.0801889401374232,-1.512635926701014,0.02879628752171988,0.5922976563346256,0.6004639986609922,0.8701746288421952,0.8707181402328559,656.68,0.00021304125565733406,0.005873704807297128,0.009124423381278205,32.81211950489114,3.791194827672301,96.8813780672422,127.9264418767958,0.019881962823320828,0.01999563989419124,0.025221603895802202,0.07531535236880063,0.0006437198167164114,0.02072510480633248,0.0016028673590628658,0.04551824581144385,0.04554992164405767,25.383941573284442,0.00037685683907348697,0.6043564824024216,-1.3667549105188648,0.0944583228230476,0.3585634635178808,0.3583518862724304,1.380552891363224,1.380362407265049,1371.72,0.47888476450690143,0.2707586980534208,0.25025518063825536,0.028539999999999996,0.8252503576537912,0.01994075038686442,0.0045088982790139915,0.0010111053183296654,0.0022834333405766663,0.0,0.005132658066225635,0.0051801538582687675,28.292957225631763,0.020429898944446582,0.015068363147535277,0.019539353057223974,0.0064829761369171145,0.014598234357624142
200-200-700,joint_finetune,201-250,601,650,50,0.97682,0.92756,1346.7563126841874,106.69330628907781,2964.905558068536,2526.016952811352,0.4646236393068726,0.5352848321505695,1.0006330112323372,-1.6978697273010883,0.032384971521794745,0.5850720396806672,0.5998802713152329,1.007588143668451,1.0080494448344899,659.0,9.1528542557942e-05,0.004643142848352187,0.009351219499212337,38.76441109832124,4.4902550414255575,148.83454836147038,201.1052476745001,0.021733711906436172,0.021704847866166457,0.02978984105059662,0.03224608855159594,0.0009625912489645618,0.013170408270436688,0.0016923645139674108,0.04120056393019554,0.04134086914805664,34.46915213607077,0.0002509084536607304,0.5742704199715937,-1.3855536473110377,0.09868989109992977,0.3573883360177993,0.3583518862724304,1.3998413943671213,1.3999326753678292,1371.84,0.48049895132517795,0.2709771133148371,0.24842193300838647,0.025939999999999998,0.775178826895565,0.033400852425998794,0.017558707519164985,0.004514330496426009,0.0022491780816558,0.0,0.007475108030948725,0.0074503055209874675,20.084881104442513,0.027267655637080977,0.010761458986636658,0.024644231502274815,0.00584549364197476,0.014598234357624142
200-200-700,joint_finetune,251-300,651,700,50,0.9764499999999999,0.92601,1367.74873573804,106.6286431496065,2971.3532735145855,2530.439399440978,0.44629618052281655,0.5535691624402651,0.9102316198306931,-1.7132681902649636,0.03171092770993705,0.6167771460979405,0.600404412796728,1.1349704187505831,1.1353356594896287,663.56,0.00013465703691836197,0.004892987485229474,0.00965924005123317,49.94424661488715,5.983167819734213,154.81837686100695,211.07757687259573,0.01952990338330483,0.019472859212910632,0.027624460216184015,0.01901570166897662,0.0006280227177328129,0.004158344093255865,0.0016181296634404283,0.043122316211503045,0.04314180485705329,33.833421466994224,0.0003306505589396395,0.4674278720128244,-1.4150314773493116,0.10700080543756481,0.3587475369453439,0.3583518862724304,1.4102482982374798,1.4100580643585585,1373.32,0.48337690499096475,0.27171611234609994,0.24477526180708487,0.02956,0.7251072961373392,0.01959963342050959,0.01405877702702051,0.0015892238815424222,0.002344749281276479,0.0,0.006710901094289357,0.0066919879826279685,23.241799080316394,0.028327541122553798,0.012160947519229578,0.02350360613098522,0.0067473653210353285,0.014598234357624144
200-200-700,joint_finetune,301-350,701,750,50,0.97616,0.9218500000000001,1368.0118677405126,106.56220374790293,2989.0819329688366,2561.893741377806,0.44774741837935367,0.5521183866965859,0.8261610264972498,-1.7099219736919866,0.03017805055528875,0.6201679540996452,0.6002661225611154,1.2723940791145012,1.2727651704575154,671.24,0.00013419492406038398,0.003861690440885251,0.008095885828427851,41.695028437750686,4.978015849456419,132.92443559227735,181.91893407439758,0.023490967947362447,0.02344326581849563,0.024114925106356898,0.014762439957639355,0.0004307172077845808,0.0032159565613473383,0.0013147458387802887,0.042498314211014944,0.042474524685872046,31.717863376067072,0.00028969612005436265,0.4495509205035064,-1.3993332525344826,0.09974947616457935,0.358819511393691,0.3583518862724304,1.4109908400339244,1.411003898890999,1364.24,0.4921282609224473,0.2669972612882178,0.24072093198502156,0.025389999999999996,0.675035765379113,0.008296735002035408,0.0035237601769785654,0.0018217645676179006,0.0017365438665684894,0.0,0.003867180395815079,0.0038202754103531297,16.520315261112017,0.02596852615116613,0.008908734026520725,0.02187355195230912,0.005514628042667937,0.014598234357624142
200-200-700,joint_finetune,351-400,751,800,50,0.97724,0.9229,1370.5715231879017,106.0338214743786,2958.3948141018714,2496.178530970137,0.44234543808407095,0.5575777665830712,0.7441533869548579,-1.7304231850161995,0.027966282490640832,0.6188224797474269,0.600095035451563,1.4188904142011263,1.4191174508649633,654.76,7.679533285776e-05,0.004492896888309328,0.009115472381324735,47.47512000270582,5.065611434610593,143.76339407851484,190.2149147706338,0.019128162387697437,0.01915915134432245,0.024338442076459684,0.018239700553266035,0.0007116957596823314,0.004270840224709696,0.0015936728285276282,0.04200012687384678,0.04193391375658192,30.419891451456024,0.00023284655671435082,0.4439398095153991,-1.3981252567452587,0.09713671311736104,0.3583637571108163,0.3583518862724304,1.4118384155683084,1.4119205111507143,1360.52,0.4813954257532798,0.2649302190462635,0.25351279836373114,0.0235,0.624964234620887,0.009699084820118007,0.0072235914487182515,0.0008338983227360339,0.0018815888441013429,0.0,0.007030123740581166,0.006874345535164453,22.369111356000328,0.025391284082595472,0.011965480045090555,0.021914331150273605,0.006312443170081629,0.01459823435762415
200-200-700,joint_finetune,401-450,801,850,50,0.97875,0.92179,1373.966759194437,105.6972165641403,3009.502989660641,2571.026620711227,0.4433670090791425,0.5564400088529456,0.6712658567570127,-1.7637640507148393,0.02641165015101429,0.6071961413476301,0.6002136252258987,1.5421983841441746,1.5423811446111475,666.68,0.00019298206791200202,0.0037365404713287326,0.007304660240181606,39.138134690553215,4.1676147854034,111.05349617188595,152.85373530536617,0.01926283021244895,0.019301263542682048,0.020175121666552647,0.016620855013769694,0.00016748884465246245,0.003912117172926147,0.0010658263589687735,0.02790986969866193,0.027940080601940944,27.528419452468032,0.0003589517425730103,0.3986847334414977,-1.3974800465869464,0.09855105429887769,0.3582542811616936,0.3583518862724304,1.410919035313532,1.4108355877820709,1358.2,0.49098939792617424,0.26365649004918795,0.2452432558788896,0.02311,0.574892703862661,0.012188870857739665,0.0038756645357246196,0.0008302731113925401,0.0019171984850256396,0.0,0.004092400387783804,0.00406205041445986,18.94029286673126,0.023363952271305014,0.010312113528256414,0.01902362140328836,0.005591803403743952,0.014598234357624137
200-200-700,joint_finetune,451-500,851,900,50,0.9775500000000001,0.9213299999999998,1369.3786438863647,106.06014480008277,3000.991880566403,2566.4608888009097,0.44468886344955805,0.5551289854249971,0.6105424381976401,-1.7942930678154696,0.026147717542946293,0.6037492195360152,0.5996794228125103,1.6357354116206435,1.6358348098837352,668.6,0.00018215112544478197,0.0040041432623354216,0.008612171026861834,37.04204065406724,4.858591996285462,141.22545666703522,193.91695124713897,0.01917989672316354,0.01921231330363854,0.022651063664308822,0.01549730715428701,0.00016208418747520393,0.002737966588458815,0.00156674296675717,0.03709426313645749,0.03706906318888155,34.390910047242876,0.000389522466064599,0.3949283595582091,-1.4190771152143962,0.09688121587038037,0.35876431423291644,0.3583518862724304,1.4330859097411337,1.4329461369740153,1359.52,0.49193852192890913,0.2644324881143822,0.243518722262279,0.022030000000000004,0.5248211731044349,0.008865689753336257,0.004355220244679797,0.0022218112877978578,0.001998783020763488,0.0,0.004468341908268736,0.004347883771272757,16.170317983066052,0.028278549130731554,0.008647608720899808,0.02383116457017857,0.006140705603277399,0.014598234357624142
200-200-700,joint_finetune,501-550,901,950,50,0.9775499999999999,0.9191799999999999,1371.558205587885,105.81619842114561,2986.943280956987,2557.532644597706,0.442456485186877,0.5574229379703564,0.5430032542021392,-1.848558341527075,0.025288971640169574,0.6040672940478976,0.6004378663288895,1.739182136737018,1.739233736302046,667.76,0.000120576842766618,0.004198213905936672,0.008796311843086085,42.67929265070513,5.115878649630317,140.7559441919187,192.20280672831572,0.019099695308193554,0.01914008358611984,0.02120612103870631,0.018525765178700266,0.0003614578698893766,0.0026613165843316247,0.0014257537760193695,0.02675819680150335,0.026722617011193123,34.0339326471181,0.0002795601053661614,0.4065785780525419,-1.414151568048355,0.09896326854825016,0.3580850809084011,0.3583518862724304,1.424788453613868,1.4245757900661544,1372.32,0.48688567203122984,0.2711656118453734,0.24186211940029093,0.025690000000000004,0.47474964234620887,0.004928412623502553,0.005002276793647999,0.0014157800395632918,0.0018138538003752247,0.0,0.005693515499052796,0.005599536947868694,23.58955147465738,0.029282235515427163,0.012684849620971213,0.02318047026800625,0.006616221561820768,0.014598234357624135
200-200-700,joint_finetune,551-600,951,1000,50,0.9788899999999999,0.9232400000000002,1367.8238772039203,105.52199481890473,3026.9687175405006,2598.763632112693,0.4515372661875403,0.5483872445837337,0.4855586796245881,-1.902798042044806,0.023663209211081223,0.6051102346086784,0.6004553424105259,1.8219370251957636,1.8219302386015668,672.4,7.5489228726088e-05,0.004410435213843439,0.008014807724277793,37.74386458061081,4.676904025448123,132.17137747436612,184.52028234872034,0.01925432494124128,0.019234430212442602,0.016072754984104227,0.017224873164980774,0.0004706027423834349,0.0024143282662030387,0.0013505461698539733,0.024765410474082403,0.024779293971436238,31.138925046655423,0.0002782621446801917,0.37979665388879347,-1.4153968416029437,0.10108423784375187,0.3584671416343052,0.3583518862724304,1.4246460641891059,1.424424616853082,1365.6,0.4924387098699045,0.26762855903355304,0.23984510462155229,0.02241,0.4246781115879829,0.0089771806661736,0.004454627361500708,0.0011527335325310561,0.0022742179784890413,0.0,0.004657358350820705,0.004571074868884065,19.1662969499982,0.02461237261191106,0.01023943675734241,0.022695959638541895,0.005060541634316732,0.014598234357624145
200-800,host_pretrain,1-50,1,50,50,0.40779999999999994,0.35999000000000003,2020.2693995335444,84.57499965416868,0.0,-3026.898357238971,0.23526,0.74625,2.8566547646393623,-1.802302934999875,0.10191444334387775,0.685364868314419,0.5919384669816911,-1.825784769679188,-1.833422038024993,750.08,0.01849,0.05450903314018284,0.05250067929589685,156.92607604294997,8.502638296473219,0.0,683.7208700410814,0.03374442357559215,0.03050313633924571,1.2049180388695147,0.2723970273389035,0.0031197746498671662,0.25760996388458224,0.0019502956104600004,0.24806613315232923,0.2505853155868991,359.0518034365242,0.007125328492248549,,,,,,,,,,,,,,,,,,,,,,,,,,
200-800,host_pretrain,51-100,51,100,50,0.50664,0.45006,2033.4019751200653,84.38490383729174,0.0,-1810.335862283465,0.27788,0.7060200000000001,1.9301690384747534,-1.709631445328113,0.11257407158613202,0.650912011764267,0.5931821310584731,-1.3488320928000233,-1.3482879523048767,1000.0,0.0161,0.027043057127024487,0.029373151700427487,116.30306086739476,3.7648657674709947,0.0,336.60514895650454,0.028394193140176258,0.02794655248717394,0.045740018223125,0.05704630888751835,0.0032081901101199788,0.03761646566156684,0.000641771568237497,0.08834801017388619,0.08832550853328792,1.5118578920369088,0.003367006785540764,,,,,,,,,,,,,,,,,,,,,,,,,,
200-800,host_pretrain,101-150,101,150,50,0.54291,0.48318999999999995,2024.9115363787093,88.36062155507567,0.0,-1367.8231350204157,0.2969,0.6838799999999999,1.8294796098011636,-1.4436497448163583,0.09073946794867511,0.7316186665521676,0.5933800605893049,-1.1070607822920933,-1.106664521969912,1000.08,0.01922,0.021408011565385354,0.02420825672942087,88.23213949106244,2.9946963842525505,0.0,274.5982019785294,0.02277910786448936,0.02235670013254027,0.02288762116922536,0.15252142664799748,0.007997521288570798,0.026275581703000848,0.0006249440380765424,0.05711834007074828,0.05713130797448501,1.6640251175498328,0.003312253071273882,,,,,,,,,,,,,,,,,,,,,,,,,,
200-800,host_pretrain,151-200,151,200,50,0.56342,0.50229,1989.7214371740981,87.14523134093592,0.0,-1116.6657069286825,0.31258,0.6698599999999999,1.7830744918861665,-0.944444897170701,0.060282157570123646,0.753258057583112,0.5933019860056112,-0.97531920812758,-0.9748956810300824,999.96,0.01756,0.019049441579474077,0.02031363521160612,91.6220972764266,3.597491205450664,0.0,245.22261042758612,0.020412171239088648,0.01969668987004504,0.019234042887820317,0.12571141591431484,0.007598372879755828,0.007123751560361739,0.0007211311264432314,0.04541006748566907,0.04545595838800865,1.6898254951567135,0.003289811110513359,,,,,,,,,,,,,,,,,,,,,,,,,,
200-800,routing_all,1-50,201,250,50,0.9212699999999999,0.8816700000000001,1350.173745550136,105.07248901279404,2085.9344798491893,2160.674152981109,0.5453784234645442,0.45392874415616596,,,,,,,,,,0.0967714122274228,0.0969870920298581,144.21435532740304,7.2510899291242294,1302.1299792636937,853.4828672957353,0.07717895024204373,0.07696025714959331,,,,,,,,,,1.4027221074352534,-1.2918506504831273,0.13345059454441066,0.3821020183405119,0.3583518862724304,0.9034699784563374,0.9039826308159489,1740.68,0.4250134305217991,0.39595628857198745,0.17880195951437775,0.14227,0.3214643304130162,0.12224604805193696,0.1725277844848445,0.014357415365457442,0.1745059201155508,0.0,0.19834379399447516,0.19774272660608075,842.9079510109932,0.07528552785566396,0.10754524012508543,0.06452390473701106,0.07784031338422978,0.012771171234016613
200-800,routing_all,51-100,251,300,50,0.96209,0.9208100000000001,1322.4045525144727,106.68381507089991,2714.73287328378,2429.6655506108036,0.555627894129001,0.4439711894976233,,,,,,,,,,0.009051265555891355,0.011066538090393157,40.09918546480328,4.822151088501088,198.71210933852774,220.6430589652667,0.028308179156836626,0.028290690991608237,,,,,,,,,,1.1742899773988968,-1.2512711426050505,0.11873788937926288,0.35950540377551504,0.3583518862724304,1.182033687643315,1.1828437510455785,1501.16,0.44674103873267185,0.3335589021918577,0.21961360685712772,0.07214000000000001,0.3652690863579474,0.05879721897188166,0.02311524977951191,0.003994770738642914,0.004317477281324978,0.0,0.06822834325293888,0.06825334849581591,34.5822651257041,0.027972187917524767,0.015373769501047138,0.018245219611982295,0.013685252005315049,0.012771171234016613
200-800,routing_all,101-150,301,350,50,0.9690300000000001,0.92912,1317.8127247838895,105.1668624649295,2930.688104391745,2631.85727676388,0.5765092923967152,0.42317356841291237,,,,,,,,,,0.006183759176344161,0.008774708553797193,34.903291523163205,4.25856647001724,156.93076796496368,212.05842925871363,0.02532544059730439,0.02524313574395531,,,,,,,,,,1.0096420140614564,-1.3615292757442403,0.10427039101719852,0.35842414929209826,0.3583518862724304,1.341070347107335,1.3418729875429378,1448.84,0.48094696609058174,0.30947103615138716,0.20945750780746653,0.03007,0.4090738423028786,0.01830731671924254,0.02714929508916771,0.0025399731711284873,0.0034070433267787584,0.0,0.030864440199574773,0.030808114280312215,35.44720708033171,0.03193657309002964,0.016820160759731483,0.02447951030501466,0.010000515292846113,0.012771171234016616
200-800,routing_all,151-200,351,400,50,0.9720700000000001,0.93119,1313.523331063368,106.21822701609625,2973.524011142439,2641.046836628627,0.5772884810354912,0.4224715295849317,,,,,,,,,,0.004284535552187564,0.007870696102814352,41.40786217616593,5.2199483116036225,156.87575878651225,211.2696480315991,0.023810636158832464,0.023915793839893767,,,,,,,,,,0.9792254943986889,-1.4047526705861242,0.10814158543944355,0.3579836986685975,0.3583518862724304,1.411369495681783,1.4121021757860248,1425.16,0.48489952807918213,0.29818058306884915,0.2168221913608696,0.021980000000000003,0.4528785982478097,0.013837018689447046,0.003565994268371675,0.0019893270913903848,0.0028413096439399797,0.0,0.007925590908498386,0.007909655635252618,25.149641941704026,0.03166801100640618,0.01230055703243582,0.025072748693643298,0.0049589745483747515,0.012771171234016623
200-800,routing_all,201-250,401,450,50,0.97464,0.9343700000000001,1316.0356020579827,105.83268507719609,3010.5541602465814,2686.4209510035294,0.5837251367439213,0.41604006205860117,,,,,,,,,,0.006523145604034041,0.009000459171960181,40.26427357082476,4.474961560598756,163.68625026598556,215.41607289357583,0.025363574279379797,0.025304189403841014,,,,,,,,,,0.9162406013427942,-1.4095490836084976,0.11315946653485294,0.35822064059577813,0.3583518862724304,1.4285470732330332,1.4291612861620278,1423.2,0.4874712908084016,0.2973415612269086,0.21505384432510014,0.01988,0.49668335419274096,0.025235240743921628,0.006885062420804194,0.0016629235234912336,0.002043514861581089,0.0,0.007228309267888714,0.007142053576589547,17.607975929292117,0.027813303530653543,0.008703244107601305,0.024739285247389,0.0038260119376367315,0.012771171234016637
200-800,routing_all,251-300,451,500,50,0.9736300000000001,0.93309,1312.0077222249695,106.08936827882044,3023.473372536849,2719.8004604220637,0.5923133318199336,0.4074954275418466,,,,,,,,,,0.005873505020385174,0.010067471360368336,45.38906526451546,6.203479711223909,202.05282916481576,273.090459882732,0.02509766850250415,0.025172101624491326,,,,,,,,,,0.8602482475371201,-1.4291656345235415,0.11263017311692232,0.35873972576970553,0.3583518862724304,1.4525170612286404,1.4529578730647514,1424.6,0.49440956427850247,0.29795021370061037,0.20755587167685063,0.02135,0.5404881101376721,0.012792351249352638,0.005815679266533224,0.002270375642675912,0.0019748252984745592,0.0,0.007057331064455606,0.006963355917394904,22.11380582720363,0.03789162672498315,0.01093809018406295,0.030855677466221143,0.005149053806481422,0.012771171234016615
200-800,routing_all,301-350,501,550,50,0.9747199999999998,0.9349600000000001,1306.4279646254809,106.62259036296696,3006.313139882792,2669.7006314965297,0.5828431204910086,0.4168386156825693,,,,,,,,,,0.0056452616938311075,0.009580400911895744,42.244690088096895,4.852113986412633,158.94368741612004,210.45933561972663,0.02436616736710223,0.024419634188070347,,,,,,,,,,0.8257176580217543,-1.4229813646691496,0.10632483169436452,0.3582982999291561,0.3583518862724304,1.4509870389810282,1.4513359307149982,1420.8,0.4856154865221988,0.29610382974816085,0.21814055494982404,0.022590000000000002,0.5842928660826032,0.017742139424442898,0.005264915168538394,0.002273901452823364,0.0026446930538051644,0.0,0.004754063013754966,0.004736341039653909,21.68795395925525,0.02828555317997141,0.010765668850183693,0.023215803294175493,0.005476936802145327,0.012771171234016616
200-800,routing_all,351-400,551,600,50,0.9759300000000001,0.93672,1302.6052279099322,106.0215435850531,3022.375086055202,2684.685743730123,0.5891305356747257,0.4106512328894184,,,,,,,,,,0.005290547982882654,0.008012210069892164,32.4197075040281,4.859162934881745,110.58811599102728,145.08730682810554,0.017817982110521335,0.017776381043919095,,,,,,,,,,0.7810498704544809,-1.4184246135926895,0.11146315217018124,0.35825649275522387,0.3583518862724304,1.4457429830860722,1.44581351691529,1417.84,0.4862750848343584,0.29465917937847697,0.21895231165732337,0.02429,0.6280976220275344,0.011746195124845137,0.00509217711785311,0.0017675312777790722,0.0019861658624183913,0.0,0.004523802053583179,0.004472674486528678,18.128070464765692,0.019477119723762475,0.008984415816778465,0.016777456891572298,0.004965277393241664,0.012771171234016618
200-800,routing_all,401-450,601,650,50,0.9756899999999998,0.9390000000000001,1300.082392857881,107.08549564515066,3030.81314482043,2696.119350527501,0.5874914078556458,0.4123203538125647,,,,,,,,,,0.004477711241156998,0.006702877846758894,31.33178461811694,4.459031806992664,140.7076470081839,193.64595557415947,0.02268523690672795,0.022711027342618425,,,,,,,,,,0.7799258158686319,-1.424772819140076,0.11323429837822911,0.35846874410288415,0.3583518862724304,1.4531584415366907,1.4532643420924214,1415.6,0.4891156340389493,0.293566069172494,0.21721936256427582,0.0216,0.6719023779724657,0.008156314534304427,0.0029599042293535455,0.0010348445665037626,0.0019737178153531537,0.0,0.003071542850918925,0.0031248138315451385,17.03298121233015,0.027269930032252126,0.008465412708323324,0.0237014780559703,0.0049733986244369175,0.012771171234016615
200-800,routing_all,451-500,651,700,50,0.9757399999999998,0.9363499999999999,1304.8296978515466,106.45340856328163,3024.719660890941,2688.00784845989,0.5853192918894116,0.41444500015057545,,,,,,,,,,0.004679787192091686,0.008695090099402914,41.36916681924625,5.757242163798569,164.95521244942378,224.4141698384743,0.021926275666573194,0.021855189625806484,,,,,,,,,,0.7586794060580226,-1.4295662066871162,0.1131497026979923,0.3584122346000573,0.3583518862724304,1.4576438001072953,1.4575599072088354,1416.84,0.4880947165482565,0.2941433015745675,0.2176347498034078,0.02259,0.7157071339173967,0.0131040448166003,0.0029963397958186265,0.0007874864137339562,0.0017299255589710853,0.0,0.0030250527659478003,0.0030144287688272206,21.038700976426995,0.031071535005219333,0.01036495231166686,0.025521451102775972,0.005432977535197361,0.012771171234016616
200-800,routing_all,501-550,701,750,50,0.9763,0.9376300000000001,1294.618636678656,106.62159997894796,3038.510099310218,2705.8826175765535,0.5892933717419855,0.4103562571622401,,,,,,,,,,0.0049631293617257806,0.00779704941576212,37.0409266797003,5.0864324821766385,151.18092239821107,198.46037090845087,0.022586211961002464,0.02247998814939832,,,,,,,,,,0.7412015898720591,-1.4297571277830352,0.11326627328991887,0.35837118216596314,0.3583518862724304,1.4578061639610516,1.4576546668596775,1415.84,0.4891712303025556,0.2936070326804561,0.21706653738167142,0.02275,0.7595118898623278,0.006322806836237264,0.003703004884949356,0.0008302552248094829,0.002004476680873006,0.0,0.003217671023014747,0.0033080634203595163,24.61736569735988,0.027934113631657907,0.012228335501788593,0.022581590866691943,0.006756138554179104,0.012771171234016611
200-800,routing_all,551-600,751,800,50,0.9764200000000001,0.93831,1305.1194616388532,107.34339225202557,3007.04406050523,2656.1219681704665,0.5827365479299234,0.4170293427103908,,,,,,,,,,0.005442988374870888,0.008350051936780905,44.249555874621564,5.257824500580934,153.12676466893868,197.49668771797232,0.0195653498163695,0.019548806420872877,,,,,,,,,,0.7298078182786233,-1.4245376497077258,0.11620545372366901,0.35839646084380256,0.3583518862724304,1.452599928901292,1.4525415618481206,1416.12,0.481572465055081,0.29382784486252556,0.22440957889702795,0.022239999999999996,0.8033166458072591,0.008630795002950916,0.005012275557232904,0.0012016453372475932,0.0018433780199804534,0.0,0.0048594414982165365,0.004845114604839976,20.746910269104788,0.025782666949078936,0.010275249164136939,0.022286940533352156,0.00483106444517866,0.012771171234016618
200-800,routing_all,601-650,801,850,50,0.97732,0.93802,1300.8969473648922,105.97918084266959,3046.3605915536955,2706.644703568805,0.5894838520194883,0.4100210096356698,,,,,,,,,,0.005277754624606092,0.008286305397633913,34.459228774069956,4.626619502297874,146.78367882454737,195.2555144209685,0.022759147614928647,0.022591477978969213,,,,,,,,,,0.7296977541486451,-1.4239632064006924,0.1141984516382217,0.3584976956112794,0.3583518862724304,1.4531535875434047,1.4529092164278088,1415.64,0.48825301813126815,0.2935138848673981,0.21812032991740973,0.023349999999999996,0.8471214017521903,0.00790767115776048,0.0061842289836682406,0.0009814943225159333,0.0017878160579623682,0.0,0.006005177035440821,0.0061228073940508745,22.730685903259783,0.028715983078494225,0.011329256218241159,0.021325540177297972,0.006002762969275576,0.012771171234016611
200-800,routing_all,651-700,851,900,50,0.9777199999999999,0.9386699999999999,1301.1257271515494,105.16958202643964,3051.315092002439,2720.6246735081622,0.5940821366115633,0.40573294532625215,,,,,,,,,,0.004714458871278832,0.006424292226560421,35.90059164917531,4.705226560681184,142.0057751632214,190.85796700047342,0.021833147768920973,0.02185385590181795,,,,,,,,,,0.6933359254968721,-1.4489088891602255,0.11587661981582638,0.3583092960671677,0.3583518862724304,1.4780142789823165,1.4778125091438619,1418.0,0.4886618602522116,0.294695355018913,0.21653660281102835,0.021480000000000003,0.8909261576971214,0.010070445390763915,0.0075980321386990846,0.0015371877321270302,0.0015946687105164268,0.0,0.006351208028360739,0.006355393715145456,21.778101714468004,0.028624310186837018,0.010716821424672996,0.022046779588544337,0.005922079061289478,0.012771171234016611
200-800,routing_all,701-750,901,950,50,0.97899,0.94092,1297.9569305420293,106.72227285527418,3066.1169757492275,2732.651832677488,0.5917995565216067,0.4077787160208875,,,,,,,,,,0.004939935139622131,0.008040306624267801,41.41971304685544,5.197078455705028,142.30754480965916,188.06880875719935,0.01930092261488373,0.01918086166759898,,,,,,,,,,0.6838724370972435,-1.4489150422651735,0.11304056107997891,0.3585282807857316,0.3583518862724304,1.4776051063090523,1.4772949507893534,1424.04,0.4861828499400785,0.29766549456047736,0.21605350862544864,0.02353,0.9347309136420524,0.0074576406413079865,0.003461625174437795,0.0013169078248826283,0.00206370166137482,0.0,0.0030520336605651633,0.0030299268155742744,22.35699224047851,0.02663389989755562,0.01107640915859337,0.020835788748826606,0.006805917293361831,0.01277117123401662
200-800,routing_all,751-800,951,1000,50,0.9775599999999999,0.94053,1291.5136236859048,105.77965999569525,3053.5862319601606,2710.318716160386,0.5901854888399738,0.40962590351730227,,,,,,,,,,0.004022437072223763,0.006852982368789409,36.301323433755265,5.013966932455101,140.76287469528904,186.4556343587357,0.022876204581524298,0.022794538725658647,,,,,,,,,,0.6715183077781047,-1.4511955791143538,0.1175443901121616,0.3581118734720182,0.3583518862724304,1.4794383311744994,1.4790572555035533,1411.16,0.48923135940076357,0.29130521581208685,0.21937836556671056,0.021780000000000004,0.9785356695869837,0.00688361076906939,0.0031678422704032876,0.002069999880906409,0.0013594572899498544,0.0,0.0027122819368973756,0.002710514007333175,18.75335072101266,0.025553365848084302,0.009448639324288547,0.02093075271789832,0.004355573487861647,0.012771171234016618
500-500,host_pretrain,1-50,1,50,50,0.40779999999999994,0.35999000000000003,2020.2693995335444,84.57499965416868,0.0,-3026.898357238971,0.23526,0.74625,2.8566547646393623,-1.802302934999875,0.10191444334387775,0.685364868314419,0.5919384669816911,-1.825784769679188,-1.833422038024993,750.08,0.01849,0.05450903314018284,0.05250067929589685,156.92607604294997,8.502638296473219,0.0,683.7208700410814,0.03374442357559215,0.03050313633924571,1.2049180388695147,0.2723970273389035,0.0031197746498671662,0.25760996388458224,0.0019502956104600004,0.24806613315232923,0.2505853155868991,359.0518034365242,0.007125328492248549,,,,,,,,,,,,,,,,,,,,,,,,,,
500-500,host_pretrain,51-100,51,100,50,0.50664,0.45006,2033.4019751200653,84.38490383729174,0.0,-1810.335862283465,0.27788,0.7060200000000001,1.9301690384747534,-1.709631445328113,0.11257407158613202,0.650912011764267,0.5931821310584731,-1.3488320928000233,-1.3482879523048767,1000.0,0.0161,0.027043057127024487,0.029373151700427487,116.30306086739476,3.7648657674709947,0.0,336.60514895650454,0.028394193140176258,0.02794655248717394,0.045740018223125,0.05704630888751835,0.0032081901101199788,0.03761646566156684,0.000641771568237497,0.08834801017388619,0.08832550853328792,1.5118578920369088,0.003367006785540764,,,,,,,,,,,,,,,,,,,,,,,,,,
500-500,host_pretrain,101-150,101,150,50,0.54291,0.48318999999999995,2024.9115363787093,88.36062155507567,0.0,-1367.8231350204157,0.2969,0.6838799999999999,1.8294796098011636,-1.4436497448163583,0.09073946794867511,0.7316186665521676,0.5933800605893049,-1.1070607822920933,-1.106664521969912,1000.08,0.01922,0.021408011565385354,0.02420825672942087,88.23213949106244,2.9946963842525505,0.0,274.5982019785294,0.02277910786448936,0.02235670013254027,0.02288762116922536,0.15252142664799748,0.007997521288570798,0.026275581703000848,0.0006249440380765424,0.05711834007074828,0.05713130797448501,1.6640251175498328,0.003312253071273882,,,,,,,,,,,,,,,,,,,,,,,,,,
500-500,host_pretrain,151-200,151,200,50,0.56342,0.50229,1989.7214371740981,87.14523134093592,0.0,-1116.6657069286825,0.31258,0.6698599999999999,1.7830744918861665,-0.944444897170701,0.060282157570123646,0.753258057583112,0.5933019860056112,-0.97531920812758,-0.9748956810300824,999.96,0.01756,0.019049441579474077,0.02031363521160612,91.6220972764266,3.597491205450664,0.0,245.22261042758612,0.020412171239088648,0.01969668987004504,0.019234042887820317,0.12571141591431484,0.007598372879755828,0.007123751560361739,0.0007211311264432314,0.04541006748566907,0.04545595838800865,1.6898254951567135,0.003289811110513359,,,,,,,,,,,,,,,,,,,,,,,,,,
500-500,host_pretrain,201-250,201,250,50,0.56148,0.49705,2019.2721440406367,88.50121143622087,0.0,-1149.9041868143825,0.30904,0.6735500000000001,1.749432743552683,-0.6109752609926377,0.04018121490627522,0.7165859200460525,0.5932574285909861,-0.8847367790432731,-0.8842963144257869,1000.04,0.017410000000000002,0.01958158235043682,0.02019907302379018,81.08953897485627,3.521337880315775,0.0,253.6266007277379,0.018455915483295077,0.019128259359451623,0.01795499172703322,0.07762584268755222,0.004280308470870984,0.014206045606542953,0.0005637587794272206,0.036808432068224685,0.03678862626006232,2.0796389011517533,0.0025608711846732543,,,,,,,,,,,,,,,,,,,,,,,,,,
500-500,host_pretrain,251-300,251,300,50,0.5634,0.49968,2026.942409748306,88.72823696098195,0.0,-1125.9575367401233,0.30524,0.6768,1.715465005080394,-0.39008385222016756,0.029937184922397084,0.6881441096115566,0.5932914520671895,-0.8239891293435291,-0.8234935457587973,999.96,0.01796,0.01787285023464931,0.01971034122029368,80.4042293793769,3.9208443342910337,0.0,230.39462528629048,0.018810071119222387,0.01963389405895752,0.012287371981265116,0.06014252964977192,0.0019032204325931377,0.007645567235036834,0.000658917747433652,0.02578477984150198,0.025700743928176378,1.8290178026604822,0.0028335454102302185,,,,,,,,,,,,,,,,,,,,,,,,,,
500-500,host_pretrain,301-350,301,350,50,0.5719200000000001,0.50656,2008.7830676136523,88.13117680729856,0.0,-1018.1691674152011,0.30904,0.67329,1.7022481946842183,-0.2257833566091146,0.02594095446914429,0.6656705650178035,0.593197591868152,-0.7828448972788503,-0.7822822189600719,999.96,0.01767,0.020350339715361314,0.02090909381301908,72.58489004762512,3.6241104686472525,0.0,256.80192135207443,0.01925230969446079,0.017880011071539283,0.01894191067125371,0.06257401394258014,0.000569374951954219,0.007887321215092532,0.0007476274499164538,0.03420542697365256,0.034268799734934054,1.7838275747186245,0.003222386617121552,,,,,,,,,,,,,,,,,,,,,,,,,,
500-500,host_pretrain,351-400,351,400,50,0.5750599999999999,0.5089999999999999,2007.1642879147223,88.50441229530627,0.0,-983.8158545214797,0.30715000000000003,0.67585,1.7374474372318174,0.044790444046655484,0.022547018554061608,0.6681720697630734,0.5933805892739484,-0.6942587627176608,-0.6936853887093808,1000.04,0.017,0.019199978741484828,0.021544448596010127,83.42882245355561,3.4504610925999457,0.0,248.597711090081,0.018478683251083605,0.017754346981364702,0.021600615281296448,0.1022486674860586,0.0016459472365396258,0.005134806019267538,0.000628291973143816,0.028575287309008716,0.028474427502951906,1.4279998856685485,0.0027939438879439923,,,,,,,,,,,,,,,,,,,,,,,,,,
500-500,host_pretrain,401-450,401,450,50,0.5705499999999999,0.50324,2022.628750088663,89.67564566386571,0.0,-1038.7821746572715,0.30330999999999997,0.6782299999999999,1.7412021782980474,0.2867543880078459,0.017212325401604122,0.6632859008064902,0.5932331746132505,-0.6589881365932387,-0.6585244096331286,1000.0,0.01846,0.023601766191260743,0.026440584142486685,98.54322240425572,3.6149858240169053,0.0,309.54461376765244,0.02197282412435871,0.02163052689782547,0.019260575431757965,0.04903676377079317,0.0011832427374295807,0.008523934643568796,0.0006645410733526577,0.02901295707601722,0.028902736616143256,1.8070158058105026,0.002822721222870019,,,,,,,,,,,,,,,,,,,,,,,,,,
500-500,host_pretrain,451-500,451,500,50,0.57122,0.50275,2033.588764992679,89.14665927997437,0.0,-1037.0362202215022,0.30443000000000003,0.6777999999999998,1.6951749015247868,0.34960676281360853,0.015784362446516705,0.638312393992546,0.5932267820098286,-0.6400529159287361,-0.6395064985268056,1000.0,0.01777,0.021268247867347673,0.022150747442127045,95.30028136277072,3.3102159942147718,0.0,276.06198765883283,0.02035576687079018,0.02022223468141451,0.028187303685407325,0.029442934949597047,0.0003966227288313718,0.0070667317654205634,0.0006181860846816895,0.028055513103347772,0.028033578361220612,1.616244071283537,0.0028841756860071995,,,,,,,,,,,,,,,,,,,,,,,,,,
500-500,routing_all,1-50,501,550,50,0.93509,0.9008999999999999,1340.370939033746,105.7347725242914,2450.6026563139258,2369.302344664517,0.5431566764858242,0.455352478149099,,,,,,,,,,0.10007816791827052,0.10131432197243731,144.7973719233121,7.7922362943250025,1175.2938850370756,929.1687156845655,0.07328652526778592,0.07164398969402913,,,,,,,,,,1.2130379986559179,-1.463903153262245,0.12431633204221722,0.3754447665932064,0.3583518862724304,1.0784947606058854,1.0797576882589326,1607.48,0.44214961652110996,0.3876289253428861,0.16992145838541575,0.08188,0.33436873747494983,0.2661080375530269,0.18643028162038897,0.014400332007947308,0.16770857880041576,0.0,0.29371062944719883,0.2937707376627646,254.7741088309647,0.06065661626585323,0.0653484436627073,0.0568957713469889,0.06475239811176485,0.020449230092142837
500-500,routing_all,51-100,551,600,50,0.9720300000000002,0.9296899999999999,1329.3228279151122,104.72027119413653,2974.0958460619668,2707.025378005673,0.5395489455951262,0.4601004435814056,,,,,,,,,,0.007514211026244791,0.009588412436958715,36.4326365702026,4.115159892188159,152.04538732214073,192.96354682175624,0.022553558603727413,0.022616778079358267,,,,,,,,,,0.9578611089203162,-1.432551652570666,0.11158774435520169,0.3587982664780816,0.3583518862724304,1.3725223147784265,1.3749591633984293,1491.2,0.4730896605146111,0.3291606336796423,0.19766223486418297,0.03794,0.40450901803607203,0.05521406192448847,0.014649817409084298,0.0018887741930548462,0.0030170558657565006,0.0,0.05218809922258667,0.052341136099472337,32.0356943780795,0.025010322540538456,0.014190846412622403,0.02042475939089919,0.007951793534050244,0.02044923009214284
500-500,routing_all,101-150,601,650,50,0.97206,0.92596,1347.897660618762,105.4909873844313,2982.1126268148028,2692.573306237601,0.5279760441135145,0.4718160178829472,,,,,,,,,,0.006415574162671236,0.010710875647810364,38.27871141730634,5.480601218041485,165.5817058688448,254.1268447959258,0.032209833154689844,0.032209671918348136,,,,,,,,,,0.8650864994181398,-1.4451163312847826,0.10639739498496052,0.3586982428914257,0.3583518862724304,1.4479809917419018,1.4497775218713462,1464.92,0.4816704434526286,0.31730008004798427,0.2009273301654751,0.03361000000000001,0.4746492985971944,0.01688853812574537,0.008497092167310363,0.0019522875064439998,0.0028683955069135373,0.0,0.012499176981914209,0.01213395845477676,20.738252145270497,0.035623277367393825,0.009683718977763838,0.03341498961382511,0.0054513525750917256,0.020449230092142844
500-500,routing_all,151-200,651,700,50,0.9741399999999999,0.9269099999999999,1356.896142796631,107.01984453906225,2976.5660965630937,2626.1613526968194,0.5101599374756485,0.4896732873965098,,,,,,,,,,0.005231419989069967,0.008401099296387052,47.83342253563527,5.207803687306156,155.9243460014722,243.95686567995688,0.028434801383812942,0.0283851018868395,,,,,,,,,,0.8251625004225412,-1.431206598338529,0.10325292438268657,0.3584081264763989,0.3583518862724304,1.4440767450327079,1.445393825848891,1442.64,0.4770678320776341,0.30666080676107815,0.2161391752503993,0.029449999999999997,0.5447895791583166,0.01836470294229284,0.010081193173311452,0.001161425832865612,0.0024318022518466866,0.0,0.007786073470320204,0.00779953790064438,27.513084085910243,0.03293107435784834,0.013172720775404505,0.03165947934365648,0.006128929393475184,0.020449230092142837
500-500,routing_all,201-250,701,750,50,0.97308,0.92578,1354.392252742134,105.92382958614198,2988.695723623019,2664.796597232261,0.5159293025810142,0.4838258282160604,,,,,,,,,,0.0059943510823073426,0.008920945314602169,39.47897111731797,4.92368020433836,168.49945552547305,238.02516221105518,0.02932963312604754,0.02936432358827484,,,,,,,,,,0.7948171630437874,-1.4241683353389254,0.10356747612357137,0.35823816687620175,0.3583518862724304,1.4429989563475636,1.4438074176043483,1434.52,0.48717653546985606,0.30280207813448473,0.20988878994118423,0.02873,0.6149298597194388,0.009908549866521532,0.003392102586421542,0.0012906027239508067,0.0028415945594297363,0.0,0.002970937272771179,0.002890399497226984,24.547529906078044,0.031145548836234938,0.011901471618807568,0.026880576684852178,0.006066140554297254,0.020449230092142834
500-500,routing_all,251-300,751,800,50,0.97414,0.9261300000000001,1364.0920017559506,107.43826516685111,2951.4108727133817,2580.207331790418,0.5063523164722369,0.4934126973068548,,,,,,,,,,0.00576498933570708,0.008393273545901298,46.37607542733542,5.080183140475568,144.63380454960804,204.00095534005817,0.023168122660362382,0.02313024114763857,,,,,,,,,,0.781901331933388,-1.4195559202103505,0.10435913652181622,0.3582876433714769,0.3583518862724304,1.441480729570128,1.4421272318398821,1420.64,0.4781582639538486,0.29609458577035747,0.22555760726277208,0.02532,0.6850701402805609,0.017724300439905867,0.005185979104161829,0.0010049050021777685,0.002279497976885878,0.0,0.004437257821212745,0.004547889263764264,20.164385658372826,0.029089445466421966,0.010054128893003236,0.025387901195566356,0.005158468369425885,0.020449230092142858
500-500,routing_all,301-350,801,850,50,0.9736999999999999,0.9261699999999999,1360.8256782265141,108.7098805182939,2970.3564251359326,2587.91977969795,0.5118196761323537,0.48791522450105435,,,,,,,,,,0.0056351665495188615,0.008037926679568715,33.38674914683539,4.852039310986114,139.8341720610512,190.2976118681654,0.020956212381937487,0.02096673271753431,,,,,,,,,,0.7517371641253392,-1.4037254074431424,0.10207001522183415,0.3586758640210601,0.3583518862724304,1.4291093849912337,1.4295882549087464,1395.68,0.4892287290208813,0.28332021785695805,0.22732981410610598,0.020429999999999997,0.7552104208416833,0.01293481163284442,0.004096603760914927,0.0010253743190234027,0.0023579069116745864,0.0,0.0032833675235736525,0.0032307999450232193,26.788239880932217,0.028225657359229273,0.013791850260110037,0.02362943728707364,0.006015295130764913,0.02044923009214284
500-500,routing_all,351-400,851,900,50,0.97637,0.9291799999999999,1345.5076944283633,106.37026277459681,3040.2152930882876,2683.2097553861527,0.5266556994860807,0.4731719114299143,,,,,,,,,,0.004458207290481007,0.008297257968504917,37.01440994881343,4.475391301059995,146.2626129902508,206.15171181228297,0.023151678464137914,0.023100020581134258,,,,,,,,,,0.7259175918184902,-1.432118538095538,0.10346165820956227,0.3581971630574086,0.3583518862724304,1.4604256536268445,1.4602395242722588,1391.32,0.49930950986427186,0.28122080686808015,0.2193540602656373,0.017870000000000004,0.8253507014028054,0.008658066401927423,0.011120221843325478,0.0013322546521551328,0.002190966444946246,0.0,0.010951864299869688,0.010754647336594323,18.0593579111569,0.02962190299979697,0.009414218371119248,0.02653124622810666,0.004531983842758093,0.02044923009214283
500-500,routing_all,401-450,901,950,50,0.9748399999999999,0.92881,1344.7295565646655,107.53029065673677,2988.374819383859,2610.827058321976,0.513018710894948,0.4868040155077143,,,,,,,,,,0.005646418406062964,0.009781224204504021,44.81819263036464,4.700341571163113,169.4378113036406,236.511495123628,0.02646864798578064,0.026488862323857814,,,,,,,,,,0.729978324572557,-1.4354069614479625,0.10285425081849095,0.3585361759620245,0.3583518862724304,1.4662475921262546,1.4661997517824374,1396.2,0.4899665164867826,0.28368663992368776,0.22623311895772238,0.022759999999999992,0.8954909819639277,0.008364591066924927,0.012086057587558471,0.0019538187548677004,0.0025737685022426547,0.0,0.010513157945585973,0.01046450036784619,21.703944906163855,0.029389906027344412,0.011168926101872699,0.02728021422138286,0.005649851000383161,0.02044923009214283
500-500,routing_all,451-500,951,1000,50,0.9758100000000001,0.93149,1337.908882537527,107.27403942351471,3024.8579637606767,2648.755156787402,0.5161376220320212,0.4837452338329787,,,,,,,,,,0.005160574639731991,0.00652193316777303,35.72370163834793,4.866996026888254,127.34008773154716,180.76791643449317,0.024249035273131984,0.024203371144685848,,,,,,,,,,0.724074707543441,-1.417368737811939,0.09959958851337429,0.3583544095142872,0.3583518862724304,1.4513317185829482,1.4511984407860006,1380.72,0.49884299127890036,0.2756615939197783,0.22536526719332575,0.022729999999999997,0.9656312625250502,0.009769051520149188,0.003971914726144377,0.0013949409560899805,0.0023528178186829375,0.0,0.003943284887826271,0.004007728527076391,21.724659176303103,0.027021695630249067,0.01128949220864303,0.02551664179182899,0.007126559979601459,0.020449230092142834
