experiment,window,relative_start,relative_end,n,original_start,original_end,stages,training_episode_reward_mean,training_episode_reward_sd,completion_rate_mean,completion_rate_sd,sla_satisfaction_rate_mean,sla_satisfaction_rate_sd,avg_completion_time_mean,avg_completion_time_sd,total_system_energy_kwh_mean,total_system_energy_kwh_sd,system_energy_per_completed_job_j_mean,system_energy_per_completed_job_j_sd,task_attributable_energy_per_total_job_j_mean,task_attributable_energy_per_total_job_j_sd,routing_self_rate_mean,routing_self_rate_sd,routing_edge_rate_mean,routing_edge_rate_sd,routing_cloud_rate_mean,routing_cloud_rate_sd,multi_hop_job_rate_mean,multi_hop_job_rate_sd,host_started_rate_mean,host_started_rate_sd,host_queued_rate_mean,host_queued_rate_sd,host_dropped_rate_mean,host_dropped_rate_sd,bcgh_guidance_lambda_mean,bcgh_guidance_lambda_sd,routing_episode_updates_mean,routing_episode_updates_sd,host_episode_updates_mean,host_episode_updates_sd,routing_critic_loss_mean,routing_critic_loss_sd,host_critic_loss_mean,host_critic_loss_sd,routing_alpha_mean,routing_alpha_sd,host_alpha_mean_mean,host_alpha_mean_sd,routing_policy_entropy_mean,routing_policy_entropy_sd,host_policy_entropy_mean,host_policy_entropy_sd,routing_decision_count_mean,routing_decision_count_sd,routing_random_action_count_mean,routing_random_action_count_sd,routing_policy_action_count_mean,routing_policy_action_count_sd,routing_update_step_mean,routing_update_step_sd,routing_training_action_steps_mean,routing_training_action_steps_sd,wall_time_seconds_mean,wall_time_seconds_sd,completed_jobs_mean,completed_jobs_sd,sla_satisfied_jobs_mean,sla_satisfied_jobs_sd,total_jobs_mean,total_jobs_sd,simulation_end_time_mean,simulation_end_time_sd,waiting_timeout_drops_mean,waiting_timeout_drops_sd,queued_jobs_mean,queued_jobs_sd,edge_avg_cpu_load_mean,edge_avg_cpu_load_sd,edge_avg_gpu_load_mean,edge_avg_gpu_load_sd
200-200-700,-50:-1,-50,-1,50,151,200,host_pretrain,0.0,0.0,0.56711,0.01883122948937834,0.50448,0.01965336342404402,1981.9683174828524,83.82648716261819,87.41079845440795,3.2829550923830007,277814.44891596196,15360.475702218053,65530.03437287471,1900.505738122792,1.0,0.0,0.0,0.0,0.0,0.0,0.0,0.0,0.31772,0.01931694825265933,0.66509,0.01840466056769983,0.01719,0.0030487367742012997,0.0,0.0,0.0,0.0,999.96,1.6898254951567135,,,1.747060108035362,0.02021088490612548,0.1000000014901161,0.0,0.05859235994517799,0.008165120218543983,,,0.7601080280009205,0.004914753533282527,2000.0,0.0,0.0,0.0,0.0,0.0,0.0,0.0,0.0,0.0,22.30318226579577,0.28391028031536447,1134.22,37.662458978756696,1008.96,39.306726848088026,2000.0,0.0,14247.261648413727,773.6977708792962,0.0,0.0,1330.18,36.80932113539966,0.17551377250428907,0.01418306627258144,0.3770022699214048,0.0224810887541034
200-200-700,0:49,0,49,50,201,250,routing_train,2036.570471578896,1656.458523429444,0.9122300000000001,0.1187056129718406,0.8685499999999999,0.12301784547829818,1387.1004968554353,187.17004598760784,103.55899057638209,6.655935123873072,207795.5502585455,29938.07033062717,98065.59598109737,13063.447776003924,0.42833461672263906,0.08379085533980525,0.3906832379958998,0.11383644521201339,0.18073976328954283,0.08136882034540509,0.09465000000000001,0.09173905150713392,0.5113676341337992,0.08699676575109609,0.4880037736545434,0.08676298846058526,0.0006285922116573819,0.001187950946396817,0.386180904522613,0.05127721515567475,1732.92,859.3986706424678,0.0,0.0,1.3875129247979492,0.20512233092783702,,,0.11980635702610012,0.014348366148823974,0.046149307489395094,7.00934133340971e-18,0.38444309444839997,0.17536559362840518,,,3567.04,1697.3364483140958,100.0,707.1067811865476,3465.76,1718.9478457261382,48142.6,24268.523519916384,101282.4,48537.316381000994,70.9544346569851,55.64914504543546,1824.46,237.41122594368116,1737.1,246.03569095659637,2000.0,0.0,13877.647815835753,1014.6986322248447,0.0,0.0,717.76,268.7634237748576,0.19481486287968175,0.021661006235009224,0.41267904846768144,0.03914352820089062
200-200-700,50:99,50,99,50,251,300,routing_train,2874.588186619494,157.8126756646996,0.9700099999999999,0.009169876370653047,0.9232300000000001,0.011218702496914942,1331.709983322384,42.138361657378034,105.22447857589579,4.526953434672813,195302.08150535158,9179.670449977071,101847.01252713363,3670.601554548259,0.4543303675007801,0.0256334640276297,0.32473016593303855,0.014938895280569908,0.2208585147189612,0.01576165011580212,0.039909999999999994,0.007881578884607176,0.535361489616217,0.022219634343963696,0.46423537703821005,0.022227118597293673,0.000403133345572966,0.0005261691781841055,0.5620603015075376,0.05127721515567476,1481.48,33.380453769796944,0.0,0.0,0.9479291285295071,0.08709787132838881,,,0.117673367857933,0.004721731984648338,0.046149307489395094,7.00934133340971e-18,0.35895688035928275,0.0031360456124137005,,,2963.22,66.50097129872218,0.0,0.0,2962.98,66.48967696460213,124626.88,21605.866275053868,254251.14,43211.82071978425,54.64295804068446,1.954030551311933,1940.02,18.339752741306107,1846.46,22.437404993829897,2000.0,0.0,13778.976884209991,916.3203155520175,0.0,0.0,623.74,27.66697729519908,0.20023107526386053,0.0152870572958319,0.4225734805766184,0.032215110221577574
200-200-700,100:199,100,199,100,301,400,routing_train,2961.2320315953025,145.20230207972986,0.9720650000000001,0.005764159114999374,0.9240550000000002,0.00940338833193717,1336.821557043316,41.74251456627217,104.17258506833394,4.719066854895799,192918.5660279569,9090.114555867916,100393.18876685044,4615.7942832245435,0.4740716704054367,0.02669128373452255,0.31521095305946145,0.01262824659133064,0.21063530354996182,0.019983800448383125,0.04237,0.0074629116640256765,0.5412386267213722,0.019073822535450924,0.45849754188468755,0.01913544014173632,0.000263831393940287,0.0004107549557499757,0.8258793969849246,0.10205047428702217,1460.68,27.198068855985888,0.0,0.0,0.8033725140370572,0.019236340568961435,,,0.11085879594087597,0.0025769623686715585,0.046149307489395115,1.3947701538996772e-17,0.35845236878550746,0.002721899389353513,,,2921.6,54.381926587736295,0.0,0.0,2921.36,54.36771918049247,234709.66,42418.187782982,474416.78,84836.48608293843,53.46447528867051,1.6167453867071078,1944.13,11.528318229998739,1848.11,18.806776663874345,2000.0,0.0,13713.458784371522,914.6271848657641,0.0,0.0,633.78,22.844480800191175,0.20217164598923254,0.015582701940677532,0.42427949392866976,0.028523831805145256
200-200-700,150:199,150,199,50,351,400,routing_train,2957.3636604358517,148.99337455393325,0.9717600000000001,0.005581712121211702,0.9232,0.009763008067732622,1339.586553902301,42.86545504934542,105.11372374209867,5.1519963190492115,194725.35316685357,9928.59655970345,100805.90660472805,4619.330792570727,0.476205714060993,0.027505070993663932,0.3121271584269063,0.01139209223271626,0.21160555693466704,0.022303486005565334,0.04108,0.006280322362712908,0.5423541905877627,0.019318493460626588,0.4573497276753315,0.01948342185307781,0.00029608173690565804,0.0004713388421995551,0.913819095477387,0.05127721515567475,1454.08,24.13891768366543,0.0,0.0,0.7894615328727812,0.009204136801919763,,,0.11199625253677364,0.00270301707935128,0.046149307489395094,7.00934133340971e-18,0.35868041620856594,0.0028175099707883596,,,2908.3,48.43478679036971,0.0,0.0,2908.12,48.3746602582596,271272.92,21190.50112267768,547543.38,42381.17641214249,53.090319813415405,1.4090532470338033,1943.52,11.163424242423405,1846.4,19.52601613546524,2000.0,0.0,13895.08312990835,992.0456828327375,0.0,0.0,632.1,22.475610363780778,0.19992798868578057,0.016920688778064137,0.4177093169900886,0.03092651897529097
200-200-700,200:249,200,249,50,401,450,joint_finetune,2951.129453330176,385.8401596845476,0.97615,0.03328805172663462,0.9342899999999997,0.03291037458161242,1320.0545709083797,49.236941650298185,106.72969540482556,5.031907228645646,196930.91930785018,9180.847606160127,105092.40741488278,5209.875410776897,0.45506628141396954,0.02839332390577519,0.3219322733348086,0.017345440077513374,0.22291320614244525,0.027405598791435032,0.05127999999999999,0.016963393961524253,0.5484952016200897,0.030329654683646907,0.4512248431332798,0.030274456399261577,0.000279955246630398,0.00047194189705271567,0.9754649499284692,0.01459823435762415,1475.6,37.577674657342236,671.16,39.79147688454227,0.8270135327168613,0.028275592393167678,1.3444738241880247,0.0801546783290377,0.10832721307873722,0.0026585968817596215,0.04054488943517203,0.0028015198639877946,0.35804565999842103,0.0026115115642585235,0.7191466584098927,0.026493547280081256,2951.44,75.11519316954433,0.0,0.0,2951.18,75.12973541053597,344175.24,21446.753029124124,693348.14,42893.29562474104,60.178173269629475,2.037392854966406,1952.3,66.57610345326924,1868.58,65.82074916322483,2000.0,0.0,13656.590802500192,884.8975906089303,0.0,0.0,606.5,69.45685784744957,0.20142115936000124,0.015501048718809201,0.4203233932015448,0.029823431414770972
200-200-700,250:299,250,299,50,451,500,joint_finetune,2956.196069424271,173.32248863021965,0.97275,0.00439300232048142,0.93107,0.008964789399622934,1336.662477988342,52.85112154483811,105.32542453713555,5.958025924327949,194925.566859925,11497.628455538796,100858.99529814106,6567.407796905953,0.4595780391733792,0.032508893329236586,0.33403599529941863,0.01381423746558855,0.20627211338854434,0.02539508116583912,0.05777,0.010254023600518969,0.5014441854007982,0.029832848501242973,0.49846813696752057,0.029799136266852762,8.7677631681116e-05,0.00024074573252868064,0.9253934191702432,0.014598234357624137,1502.04,31.32577995510915,689.72,40.878136464573906,0.6636694949928788,0.06845870600049393,1.1931567783835801,0.035551589120013466,0.12173710629343983,0.006151710122064646,0.03294415146112437,0.0014314132945378194,0.3586488207459796,0.0030464354873869365,0.6700776135525747,0.016898114673429308,3004.44,62.733696963385455,0.0,0.0,3004.1,62.82994541471707,418964.2,21871.959576459667,842925.82,43743.964615863035,61.16881038628519,1.6389185137120612,1945.5,8.786004640962831,1862.14,17.92957879924588,2000.0,0.0,13951.510787787773,973.9110050964836,0.0,0.0,686.26,37.606887124350955,0.19954295323501803,0.015125053138198643,0.42277049275939693,0.03310080220386113
200-200-700,200:299,200,299,100,401,500,joint_finetune,2953.6627613772243,297.5895442117956,0.97445,0.023683785955199755,0.93268,0.024051451582645128,1328.3585244483609,51.49815339916808,106.02755997098056,5.531717012111617,195928.24308388756,10400.18632389349,102975.70135651191,6269.577946520122,0.45732216029367445,0.03045054599029123,0.32798413431711365,0.016743965322862864,0.21459265976549477,0.02758385229492484,0.054525,0.014321414177391979,0.524969693510444,0.03814239754070203,0.4748464900504002,0.03816765920388032,0.000183816439155757,0.0003850483698404824,0.9504291845493562,0.029052996256248086,1488.82,36.893617197273976,680.44,41.203687194034444,0.7453415138548699,0.09722674428226832,1.2688153012858023,0.09791600802755182,0.11503215968608853,0.008224319053951814,0.0367445204481482,0.0044144572685276984,0.3583472403722002,0.0028391782880980683,0.6946121359812338,0.033117412964269774,2977.94,73.82326971568756,0.0,0.0,2977.64,73.8566069071575,381569.72,43323.269131542234,768136.98,86646.39343872883,60.673491827957335,1.9057282096198787,1948.9,47.367571910399505,1865.36,48.10290316529027,2000.0,0.0,13804.050795143983,937.5457868254109,0.0,0.0,646.38,68.51450926481179,0.20048205629750965,0.015265869008933374,0.4215469429804709,0.03136935640945444
200-200-700,300:399,300,399,100,501,600,joint_finetune,2927.940517725611,124.48913772587254,0.97358,0.005424281360957262,0.922825,0.009444247621240832,1356.9945941397598,39.55924597660002,105.12680608714882,3.99385935923793,194370.9375915503,7498.867038482852,100798.25882470128,4370.770103076237,0.47509379535484625,0.023835491609815466,0.2825603458538534,0.020127356952094076,0.2422347192542003,0.021291332154020896,0.032690000000000004,0.008318404810169952,0.4604343305621991,0.022236277221296074,0.5393897524593607,0.022301255233340627,0.000175916978440123,0.0003927278969075499,0.8502861230329042,0.029052996256248086,1394.78,39.42915395767682,662.22,28.139472258553447,0.6006022144425238,0.016155753156704103,1.109819226655238,0.0405696166063883,0.09925860643386837,0.005916128473404905,0.02954403333738441,0.0009362496278053274,0.3588672142779564,0.002503793075378411,0.6093721966092832,0.023515857706366872,2789.88,78.87584925666155,0.0,0.0,2789.57,78.87456542325333,526949.48,40332.876984766204,1058896.57,80665.73548589202,56.14196480887011,2.022895756310659,1947.16,10.848562721914508,1845.65,18.888495242481667,2000.0,0.0,13883.564964330253,958.2294316036489,0.0,0.0,713.96,34.030265792364744,0.20108913731467212,0.01728647170209545,0.42740748023490205,0.028728480998179554
200-200-700,400:499,400,499,100,601,700,joint_finetune,2968.129415791561,151.12178189182836,0.9766350000000001,0.00474919185044395,0.926785,0.009490360606660028,1357.252524211114,45.71268475356313,106.66097471934218,5.2629620844673415,196603.987815769,10078.011588788764,102870.93690300608,5296.7246445979845,0.48193792815807135,0.027699655816369604,0.2713466128304685,0.011430438519228594,0.2465985974077357,0.024028724392821617,0.02775,0.006538734625678772,0.4554599099148446,0.022525449187170875,0.5444269972954173,0.022478330536635803,0.00011309278973815201,0.0002928173672140593,0.7501430615164522,0.029052996256248083,1372.58,21.623584206587815,661.28,34.05701695745539,0.520849145992209,0.06020768914912855,0.9554323155315153,0.05367193794501142,0.10284534826874729,0.005364603626279849,0.0320479496158659,0.0008766736051667059,0.3580679364815715,0.002385693024596594,0.6009245928893039,0.01866157041473114,2745.46,43.19942479976213,0.0,0.0,2745.14,43.255178939064685,664432.38,39879.11533287729,1333862.19,79758.28908541244,55.10212760102004,1.1610216691431137,1953.27,9.4983837008879,1853.57,18.980721213320052,2000.0,0.0,13982.673586861876,1075.0356282151397,0.0,0.0,719.27,34.27749357313871,0.20020499881143636,0.016701332812079393,0.4251577700576823,0.03571853241782442
200-200-700,0:499,0,499,500,201,700,"routing_train,joint_finetune",2853.3088111177785,613.3812142107638,0.9675699999999999,0.04318375589903099,0.920447,0.04448263819966622,1347.7664879862923,74.34245131420313,105.27593208438888,5.153001471100045,196274.11008022245,13485.934954001326,101398.87802103705,6465.537888608659,0.46595160926474766,0.039945135031586906,0.3109617496050732,0.0517844603972499,0.22297208379632893,0.03897655303479646,0.044923000000000005,0.035575860561754775,0.5010934245167736,0.051626786497860774,0.4986560714072485,0.051648097905273686,0.0002505040759778986,0.0005465766177892492,0.7701716738197424,0.17521189433196258,1464.812,288.9445180740588,400.788,328.74419926913725,0.7675772829980776,0.25982135927512123,1.1113556144908516,0.145249137599542,0.10934695455431935,0.010173835667281764,0.03812702367603774,0.0072483773644532075,0.36108694946421543,0.05556144797154035,0.6349696418266069,0.04957867419375498,2940.002,581.8190447188845,10.0,223.60679774997897,2929.616,577.9251816413179,378809.196,209309.7048828024,762615.858,418619.4778981566,57.63615117507055,18.235463627158108,1935.14,86.36751179806198,1840.894,88.96527639933245,2000.0,0.0,13842.412096146103,971.4957136902178,0.0,0.0,676.828,101.541675383457,0.20029416149692436,0.01679010466184627,0.42320359034477495,0.03228159595847457
200-200-700,500:599,500,599,100,701,800,joint_finetune,2973.738373535354,138.60949488952414,0.9767,0.0042031734043061686,0.922375,0.008593330453487077,1369.291695464207,44.47102725760811,106.29801261114076,5.003626649251941,195924.32325070887,9667.144654390018,103070.53516362667,5227.706868287109,0.48676184333786354,0.026114519550255955,0.2659637401672407,0.010546286181181815,0.24711686517437634,0.022711767783698905,0.02444500000000001,0.0059729588458097855,0.44504642823171237,0.021484650658541705,0.5548480766398286,0.021476190845433254,0.00010549512845907198,0.0002630684228162804,0.65,0.029052996256248086,1362.38,19.652938197582056,663.0,32.008206018539255,0.4467453650094529,0.009411796277137608,0.7851572067260538,0.047742142299898954,0.09844309464097019,0.0019263187365268601,0.02907216652296479,0.0012561257154925917,0.3585916342522538,0.0018158530202344618,0.619495216923536,0.003821520295411598,2725.22,39.30702253035735,0.0,0.0,2724.79,39.26066605382414,801253.92,39555.39921354644,1607505.19,79110.73158078089,54.59768267562613,1.1663873741186959,1953.4,8.406346808612328,1844.75,17.186660906974137,2000.0,0.0,13842.029973808118,1028.7223855036675,0.0,0.0,735.09,33.3678896636581,0.202885930108396,0.017361083102235508,0.42975215556361157,0.03282049445860127
200-200-700,600:699,600,699,100,801,900,joint_finetune,3005.2474351135215,126.4675027914456,0.97815,0.0038999481996041907,0.9215599999999999,0.007948152698151405,1371.6727015404003,37.981611956261084,105.87868068211154,4.507081356121758,194849.69599743187,8505.198017774848,102455.68525638503,5033.317807917017,0.4914639599275416,0.02581098752731582,0.26404448908178507,0.009476166063687546,0.2443809890705843,0.021470124093898618,0.02257,0.005868086949291434,0.44402793626435033,0.019135616671260434,0.5557844971389713,0.019170659833033937,0.00018756659667839204,0.00037269241360977023,0.549856938483548,0.029052996256248083,1358.86,17.533241156573006,667.64,31.006522611290105,0.3968065464998534,0.010770348826516932,0.6409041474773264,0.037236419636644535,0.09771613508462902,0.0018677841690100277,0.026279683846980286,0.00021089938691598817,0.358509297697305,0.0019652838988435026,0.6054726804418228,0.003779646071669356,2718.0,34.872639849902534,0.0,0.0,2717.7,34.91012992982369,937201.56,39385.953439901656,1879400.39,78771.94969816606,54.34000261055306,0.9982400117311264,1956.3,7.799896399208378,1843.12,15.896305396302791,2000.0,0.0,13831.20798249226,944.2807293209207,0.0,0.0,741.53,30.754306588466168,0.20304602662296045,0.014556619232368234,0.4324981978583866,0.03188860764874382
200-200-700,700:799,700,799,100,901,1000,joint_finetune,3006.955999248744,137.3208593531469,0.9782200000000002,0.004336432458213376,0.92121,0.008617043248320999,1369.6910413959022,40.1271433373918,105.66909662002516,4.87873196124544,194450.80640173904,9192.507267625955,102491.92230719197,5089.1627745802625,0.4896621909505672,0.02705561008069091,0.2693970854394633,0.01160572431057727,0.24085361201092162,0.022845839799366434,0.024050000000000002,0.006087534871200395,0.44699687568720864,0.01961816224318121,0.552905091277045,0.019622727760934298,9.803303574635301e-05,0.0002784230908357065,0.44971387696709586,0.029052996256248083,1368.96,21.648206588187588,670.08,32.53705890243004,0.3931876159706677,0.015265614198586868,0.5142809669133637,0.03440557225276365,0.10002375319600101,0.001669061694202765,0.024476090425625395,0.0009174591880127199,0.3582761112713532,0.0020555266180533613,0.604588764328288,0.002581716767605286,2738.15,43.556157875653916,0.0,0.0,2737.91,43.46160386020067,1073755.82,39690.44904688067,2152509.38,79380.75864773846,54.80089812381193,1.1183124475719861,1956.44,8.672864916426743,1842.42,17.234086496641982,2000.0,0.0,13765.228698129915,1075.0328531216114,0.0,0.0,740.37,32.779229380628806,0.2062119330363534,0.01956703236962231,0.4337172743516049,0.03453116003190762
200-200-700,last100,708,807,100,909,1008,joint_finetune,3006.367641114039,139.76804037216127,0.9782150000000001,0.004381005258009524,0.9215099999999999,0.008678599011826793,1370.0416361079929,40.45861080769968,105.70092784645641,5.005182743558424,194509.42629229583,9397.978152921934,102509.40420190693,5276.999263771303,0.4894438233167521,0.027893831797268915,0.2691440678419015,0.011836685413028167,0.24132137274066742,0.023386711424881804,0.02392,0.006155690477316517,0.4468741513176673,0.019981313996531344,0.5530200092453373,0.019972825062191217,0.000105839436995377,0.00028647404214669314,0.4417024320457797,0.029052996256248083,1368.5,22.051134330290704,669.52,33.58705859479965,0.3892946500963638,0.01674597124319126,0.5054082370023031,0.033630425418865434,0.10016485817730424,0.0014063013309856508,0.024243159186094952,0.0009458898911641854,0.35834447120707374,0.0021316064298582283,0.6047308975128848,0.0025565613627273704,2737.23,44.44877996530434,0.0,0.0,2736.98,44.346200001189,1084708.56,39676.21752202381,2174414.85,79352.34803593183,54.80660131869838,1.1658005817520016,1956.43,8.762010516019043,1843.02,17.357198023653563,2000.0,0.0,13771.803978249629,1044.2758984522977,0.0,0.0,739.87,33.350497096230164,0.20585040419132494,0.018997787443347743,0.43351929102916825,0.03392310438789054
200-800,-50:-1,-50,-1,50,151,200,host_pretrain,0.0,0.0,0.56342,0.019049441579474077,0.50229,0.02031363521160612,1989.7214371740981,91.6220972764266,87.14523134093592,3.597491205450664,278712.99645391025,14620.09272517364,65648.57817974429,1753.5455410683805,1.0,0.0,0.0,0.0,0.0,0.0,0.0,0.0,0.31258,0.020412171239088648,0.6698599999999999,0.01969668987004504,0.01756,0.003289811110513359,0.0,0.0,0.0,0.0,999.96,1.6898254951567135,,,1.7830744918861665,0.019234042887820317,0.1000000014901161,0.0,0.060282157570123646,0.007598372879755828,,,0.753258057583112,0.007123751560361739,2000.0,0.0,0.0,0.0,0.0,0.0,0.0,0.0,0.0,0.0,15.707213266976177,0.09163671327335664,1126.84,38.098883158948155,1004.58,40.62727042321224,2000.0,0.0,14158.960427044458,924.8368080158947,0.0,0.0,1339.72,39.393379740090076,0.17726371516772868,0.01708443448839716,0.3793644390012456,0.027773667799426673
200-800,0:49,0,49,50,201,250,routing_train,2085.9344798491893,1302.1299792636937,0.9212699999999999,0.0967714122274228,0.8816700000000001,0.0969870920298581,1350.173745550136,144.21435532740304,105.07248901279404,7.2510899291242294,207201.23063513063,21728.14224471407,102155.9203361832,12651.932036081409,0.4250134305217991,0.07528552785566396,0.39595628857198745,0.10754524012508543,0.17880195951437775,0.06452390473701106,0.14227,0.07784031338422978,0.5453784234645442,0.07717895024204373,0.45392874415616596,0.07696025714959331,0.000692832379289606,0.0014245655560619704,0.3214643304130162,0.012771171234016613,1740.68,842.9079510109932,0.0,0.0,1.4027221074352534,0.12224604805193696,,,0.13345059454441066,0.014357415365457442,0.0485422037541866,0.0,0.3821020183405119,0.1745059201155508,,,3582.36,1661.7909782852366,100.0,707.1067811865476,3481.34,1685.7976324431768,48170.6,24486.65987922437,101338.5,48973.38495102441,55.349936199372166,42.51449646561203,1842.54,193.54282445484563,1763.34,193.97418405971618,2000.0,0.0,13628.535446687942,854.8264082009705,0.0,0.0,659.52,215.02294514487406,0.1924963784625373,0.017885792913000183,0.40748710477410893,0.03212995677959308
200-800,50:99,50,99,50,251,300,routing_train,2714.73287328378,198.71210933852774,0.96209,0.009051265555891355,0.9208100000000001,0.011066538090393157,1322.4045525144727,40.09918546480328,106.68381507089991,4.822151088501088,199642.40706297665,9859.823418661932,105601.69362232387,4539.668420296599,0.44674103873267185,0.027972187917524767,0.3335589021918577,0.015373769501047138,0.21961360685712772,0.018245219611982295,0.07214000000000001,0.013685252005315049,0.555627894129001,0.028308179156836626,0.4439711894976233,0.028290690991608237,0.000400916373375588,0.0005006553984522585,0.3652690863579474,0.012771171234016613,1501.16,34.5822651257041,0.0,0.0,1.1742899773988968,0.05879721897188166,,,0.11873788937926288,0.003994770738642914,0.0485422037541866,0.0,0.35950540377551504,0.004317477281324978,,,3002.58,69.25524808817815,0.0,0.0,3002.32,69.232067596407,125501.08,21827.908737921283,255999.72,43655.84774726342,42.82356701926561,1.542568550761994,1924.18,18.102531111782717,1841.62,22.1330761807863,2000.0,0.0,13553.942912820978,981.5351204568686,0.0,0.0,593.6,26.156514777510452,0.19770768815112674,0.017875490629290645,0.4150801472144854,0.03168954128671576
200-800,100:199,100,199,100,301,400,routing_train,2952.1060577670933,157.5859260397836,0.9705499999999999,0.005508716692294106,0.9301550000000002,0.008357750591486615,1315.6680279236286,38.16096452186348,105.69254474051286,4.768810044168963,196032.09074031198,9062.215776473984,104352.08569598908,5734.199392260157,0.48292324708488193,0.03170382861352804,0.3038258096101182,0.01571967573736564,0.21313984958416807,0.024928692757181174,0.026024999999999996,0.008843012135938955,0.5768988867161032,0.02445838990224809,0.42282254899892185,0.024466467513169013,0.000278564284974713,0.0004727983621287216,0.43097622027534416,0.025416826512036812,1437.0,32.811059973211115,0.0,0.0,0.9944337542300729,0.022232368422511743,,,0.10620598822832104,0.0029893566581172142,0.04854220375418659,1.3947701538996772e-17,0.3582039239803479,0.0031289107573764193,,,2874.31,65.5951302393029,0.0,0.0,2873.99,65.55859357795278,235173.94,41543.11684027144,475345.44,83086.1490597694,40.164081186969995,1.5433755747570796,1941.1,11.01743338458819,1860.31,16.715501182973238,2000.0,0.0,13477.477152133908,805.7044862224036,0.0,0.0,585.05,25.30795179864274,0.19737302803596066,0.015035543754250357,0.41917105676020194,0.027927509476765304
200-800,150:199,150,199,50,351,400,routing_train,2973.524011142439,156.87575878651225,0.9720700000000001,0.004284535552187564,0.93119,0.007870696102814352,1313.523331063368,41.40786217616593,106.21822701609625,5.2199483116036225,196700.2626224443,9915.534490223397,104370.16538705981,6105.607223831106,0.48489952807918213,0.03166801100640618,0.29818058306884915,0.01230055703243582,0.2168221913608696,0.025072748693643298,0.021980000000000003,0.0049589745483747515,0.5772884810354912,0.023810636158832464,0.4224715295849317,0.023915793839893767,0.00023998937957707002,0.00043692913729571653,0.4528785982478097,0.012771171234016623,1425.16,25.149641941704026,0.0,0.0,0.9792254943986889,0.013837018689447046,,,0.10814158543944355,0.0019893270913903848,0.0485422037541866,0.0,0.3579836986685975,0.0028413096439399797,,,2850.6,50.32466024298056,0.0,0.0,2850.32,50.229449041577276,270941.44,20776.622070480847,546880.28,41553.27364791823,40.00319196278462,1.562407858986319,1944.14,8.569071104375126,1862.38,15.741392205628719,2000.0,0.0,13617.583021073144,908.418891583337,0.0,0.0,582.28,26.078406111304474,0.19657633299303076,0.016337933235331135,0.4156956923944684,0.029837206023932892
200-800,200:249,200,249,50,401,450,routing_train,3010.5541602465814,163.68625026598556,0.97464,0.006523145604034041,0.9343700000000001,0.009000459171960181,1316.0356020579827,40.26427357082476,105.83268507719609,4.474961560598756,195479.4256340828,8722.252779751872,104782.12067111881,5356.718746151673,0.4874712908084016,0.027813303530653543,0.2973415612269086,0.008703244107601305,0.21505384432510014,0.024739285247389,0.01988,0.0038260119376367315,0.5837251367439213,0.025363574279379797,0.41604006205860117,0.025304189403841014,0.00023480119747751996,0.0003463583720007527,0.49668335419274096,0.012771171234016637,1423.2,17.607975929292117,0.0,0.0,0.9162406013427942,0.025235240743921628,,,0.11315946653485294,0.0016629235234912336,0.0485422037541866,0.0,0.35822064059577813,0.002043514861581089,,,2846.76,35.17046534598399,0.0,0.0,2846.38,35.13059600277519,342058.6,20753.17410589011,689114.78,41506.53909696344,40.171757936279754,1.363427315468405,1949.28,13.046291208068071,1868.74,18.000918343920393,2000.0,0.0,13457.607157481752,825.1417379852342,0.0,0.0,575.94,26.850614708123196,0.20025058525761819,0.014415627242316887,0.42052426981257574,0.029039828873281992
200-800,250:299,250,299,50,451,500,routing_train,3023.473372536849,202.05282916481576,0.9736300000000001,0.005873505020385174,0.93309,0.010067471360368336,1312.0077222249695,45.38906526451546,106.08936827882044,6.203479711223909,196165.10806291967,11958.711729742041,103921.49101740726,7400.385262852176,0.49440956427850247,0.03789162672498315,0.29795021370061037,0.01093809018406295,0.20755587167685063,0.030855677466221143,0.02135,0.005149053806481422,0.5923133318199336,0.02509766850250415,0.4074954275418466,0.025172101624491326,0.000191240638219868,0.00044975674998134314,0.5404881101376721,0.012771171234016615,1424.6,22.11380582720363,0.0,0.0,0.8602482475371201,0.012792351249352638,,,0.11263017311692232,0.002270375642675912,0.0485422037541866,0.0,0.35873972576970553,0.0019748252984745592,,,2849.48,44.49179699674986,0.0,0.0,2849.24,44.515789448285446,413260.6,20779.29626295543,831518.74,41558.55870780165,39.542999546122736,1.2310399333445605,1947.26,11.74701004077034,1866.18,20.134942720736678,2000.0,0.0,13650.160919745385,821.852997645336,0.0,0.0,571.84,26.038715288538164,0.19663352166126663,0.014872566506859796,0.41493925832378215,0.030519947246683554
200-800,200:299,200,299,100,401,500,routing_train,3017.0137663917158,183.05711510973657,0.9741350000000001,0.006196225227564531,0.9337300000000001,0.009522281154420836,1314.0216621414759,42.73398631085174,105.96102667800828,5.382876695121802,195822.2668485013,10419.043132304523,104351.80584426303,6441.707405459639,0.49094042754345213,0.03325170265211159,0.2976458874637594,0.009838743716784431,0.21130485800097543,0.02807756897984071,0.020615,0.004573118092823439,0.5880192342819274,0.02547149659229218,0.4117677448002239,0.025474916927334064,0.000213020917848694,0.0003999678724787402,0.5185857321652064,0.02541682651203682,1423.9,19.89949494308584,0.0,0.0,0.8882444244399571,0.03446579504585256,,,0.11289481982588764,0.0019976751084284008,0.04854220375418659,1.3947701538996772e-17,0.3584801831827418,0.0020162339754839264,,,2848.12,39.92322935866088,0.0,0.0,2847.81,39.92156324746329,377659.6,41317.23979750884,760316.76,82634.501225519,39.857378741201245,1.3304085442642655,1948.27,12.392450455129053,1867.46,19.044562308841687,2000.0,0.0,13553.884038613563,825.0233202809871,0.0,0.0,573.89,26.394403676812733,0.19844205345944238,0.014684648875725312,0.417731764068179,0.02977083720466698
200-800,300:399,300,399,100,501,600,routing_train,3014.344112968997,136.46319606314864,0.9753249999999999,0.005476937413769078,0.9358399999999999,0.00883086872421067,1304.5165962677063,37.51258985817913,106.32206697401003,4.840486539959762,196232.35332781036,9104.028191819749,105067.89969917845,5149.920549416466,0.4859452856782786,0.024163371062320364,0.2953815045633189,0.009891596107549945,0.21854643330357365,0.020155668490747604,0.02344,0.005270596922473954,0.5859868280828672,0.021470352844692335,0.4137449242859938,0.02147601133746269,0.00026824763113894004,0.0005299901458554962,0.6061952440550687,0.025416826512036816,1419.32,19.94177382868293,0.0,0.0,0.8033837642381175,0.02698023127881458,,,0.10889399193227288,0.0032821884943375736,0.04854220375418659,1.3947701538996772e-17,0.3582773963421901,0.002326976728725554,,,2838.97,39.91163345252215,0.0,0.0,2838.61,39.90617658073659,519957.44,41178.93741210794,1044912.29,82357.8580960407,39.727607179598415,1.1726617957482586,1950.65,10.953874827538142,1871.68,17.661737448421363,2000.0,0.0,13540.853431333839,946.415910488217,0.0,0.0,569.77,23.532850454312804,0.19817109556075593,0.015343794275637212,0.4168871947056655,0.02977147635303471
200-800,400:499,400,499,100,601,700,routing_train,3027.766402855686,152.56601822082226,0.9757149999999999,0.004556743809060831,0.937675,0.00783780497771453,1302.4560453547138,36.58734787949065,106.76945210421613,5.1329787848908985,196989.20831156187,9852.242424398713,105109.73859049965,6008.952522447798,0.4886051752936028,0.02908910657619995,0.29385468537353077,0.009419519235234987,0.21742705618384178,0.024504469919386804,0.022094999999999997,0.005205715099481501,0.5864053498725285,0.022222849184583796,0.41338267698157016,0.02220005842240458,0.0002119731459012,0.0003899907811982503,0.6938047559449313,0.025416826512036812,1416.22,19.05419172314119,0.0,0.0,0.7693026109633272,0.015228588099715721,,,0.1131920005381107,0.0009158524153918346,0.04854220375418659,1.3947701538996772e-17,0.35844048935147066,0.0018466509444542186,,,2832.78,38.002014832283976,0.0,0.0,2832.46,38.027746382733426,661541.36,41084.480585252626,1328080.21,82169.00170132176,42.35805530710611,1.5223048059937143,1951.43,9.113487618121647,1875.35,15.675609955429087,2000.0,0.0,13652.956600515181,962.7033366215777,0.0,0.0,570.84,25.258149999834536,0.19708039451175258,0.014793124249659883,0.4136730838822058,0.03236668417016306
200-800,0:499,0,499,500,201,700,routing_train,2882.3128033099947,518.6228889108804,0.967481,0.03471162532734144,0.9277280000000001,0.03541167872298572,1314.5902961439658,59.82712268520852,106.12464850771887,5.278140320882114,197699.5476154478,11859.945550831057,104552.06736183674,6763.211716720027,0.4768582740454902,0.042277924511749346,0.31109309647852995,0.046821223201196506,0.21192519605166238,0.03243490518726738,0.039875999999999995,0.04504524138622288,0.5775626915500397,0.036115586880287515,0.42213357237872096,0.03601601266058459,0.0003037360712392288,0.0006369569592218708,0.5185857321652065,0.126579828457571,1463.472,281.89173651995634,0.0,0.0,0.94877411925771,0.19979563575494988,,,0.11345620849728581,0.009182182582052329,0.0485422037541866,0.0,0.36084114078295276,0.05520047583234807,,,2937.33,567.4980468392228,10.0,223.60679774997897,2926.94,563.7766193742927,376233.636,207320.2775768173,757464.762,414640.5557289443,42.23877480483893,14.13516416161914,1934.962,69.42325065468287,1855.456,70.82335744597145,2000.0,0.0,13563.28208047019,891.8577387434142,0.0,0.0,585.222,76.0539882864044,0.1972337209749487,0.015597990073125503,0.41574934508210987,0.03042025123079743
200-800,500:599,500,599,100,701,800,routing_train,3022.7770799077234,152.21008807785927,0.9763599999999998,0.005182565957032283,0.93797,0.008044641858172578,1299.8690491587545,40.93963305292845,106.9824961154868,5.159412093588001,197249.07697262216,9834.296655367662,105546.3892839297,5768.791511032178,0.48537184767881825,0.027015054011734704,0.2937174387714908,0.011237452145911911,0.22073805813934969,0.02262410637185822,0.022495000000000008,0.005848894827834632,0.5860149598359544,0.02127949000385407,0.4136927999363155,0.021225349589044512,0.00029224022773007,0.0005017950312071537,0.7814142678347933,0.025416826512036812,1415.98,22.649717370636147,0.0,0.0,0.7355047040753412,0.009457191001891671,,,0.11473586350679393,0.0017992704134228296,0.04854220375418659,1.3947701538996772e-17,0.3583838215048828,0.0019159049090605206,,,2832.44,45.22654981402858,0.0,0.0,2831.95,45.16308830731735,803182.8,41121.46405836045,1611363.27,82242.73403021539,42.7731503041531,1.1940650840803342,1952.72,10.365131914064557,1875.94,16.08928371634519,2000.0,0.0,13642.143187621572,1006.8249098086866,0.0,0.0,567.53,23.671341834429754,0.19722137430645287,0.015737450210593112,0.4138009370448119,0.031279604377591676
200-800,600:699,600,699,100,801,900,routing_train,3048.8378417780677,143.70483974920776,0.97752,0.004982758150650984,0.9383450000000001,0.007383675346069963,1301.0113372582207,35.0093153547942,105.57438143455458,4.66025505587363,194416.0741559948,8795.52745447616,104708.03274343192,5119.933948866699,0.4884574391917399,0.02852575672399733,0.29410461994315557,0.010987508922743958,0.21732846636421901,0.021594009489768747,0.022415000000000004,0.006006332937286723,0.5917829943155257,0.022308035756262914,0.407876977480961,0.02221793257108043,0.00034002820351327603,0.0006161151595201186,0.8690237797246557,0.025416826512036816,1416.82,22.178513580636206,0.0,0.0,0.7115168398227587,0.020372261819949458,,,0.11503753572702405,0.0015354195130546687,0.04854220375418659,1.3947701538996772e-17,0.3584034958392236,0.0016880771226294284,,,2833.96,44.06925678905187,0.0,0.0,2833.65,44.084944405458,944848.28,41066.45552092512,1894693.93,82132.8191106068,41.33756928498158,1.3339343649726458,1955.04,9.965516301301962,1876.69,14.767350692139956,2000.0,0.0,13400.533126118693,849.1745362021563,0.0,0.0,563.14,20.49736124923933,0.2003402842436092,0.013323199605699398,0.4216053029258754,0.030034565520764993
200-800,700:799,700,799,100,901,1000,routing_train,3059.851603854693,140.96138429619248,0.9782750000000001,0.004539042194164326,0.9407249999999999,0.0074350300414437786,1294.7352771139674,38.882555872343616,106.25096642548469,5.102522578678941,195511.52624723685,9613.119008888521,104760.30709210932,5651.101483365819,0.487707104670421,0.0260122256831906,0.29448535518628205,0.010729712482358916,0.2177159370960796,0.02084465521351216,0.022654999999999998,0.005752335933068294,0.5909925226807902,0.021072650067114493,0.40870230976909494,0.020979217371971257,0.00030516755011489506,0.0005524948145144718,0.9566332916145182,0.025416826512036805,1417.6,21.5256483143606,0.0,0.0,0.6776953724376743,0.00946158492363157,,,0.11529247559607025,0.002846316136536298,0.04854220375418659,1.3947701538996772e-17,0.3583200771288748,0.0017511246634877738,,,2835.46,43.17720592061408,0.0,0.0,2835.2,43.15955832428635,1086808.62,41133.89436353805,2178614.85,82267.74137336118,41.66161178838112,1.088867602986917,1956.55,9.07808438832864,1881.45,14.87006008288759,2000.0,0.0,13567.592122746908,934.0704294671708,0.0,0.0,564.0,21.563156006709615,0.20091279847353788,0.016310439167411952,0.41494998185660814,0.03192010783425266
200-800,last100,700,799,100,901,1000,routing_train,3059.851603854693,140.96138429619248,0.9782750000000001,0.004539042194164326,0.9407249999999999,0.0074350300414437786,1294.7352771139674,38.882555872343616,106.25096642548469,5.102522578678941,195511.52624723685,9613.119008888521,104760.30709210932,5651.101483365819,0.487707104670421,0.0260122256831906,0.29448535518628205,0.010729712482358916,0.2177159370960796,0.02084465521351216,0.022654999999999998,0.005752335933068294,0.5909925226807902,0.021072650067114493,0.40870230976909494,0.020979217371971257,0.00030516755011489506,0.0005524948145144718,0.9566332916145182,0.025416826512036805,1417.6,21.5256483143606,0.0,0.0,0.6776953724376743,0.00946158492363157,,,0.11529247559607025,0.002846316136536298,0.04854220375418659,1.3947701538996772e-17,0.3583200771288748,0.0017511246634877738,,,2835.46,43.17720592061408,0.0,0.0,2835.2,43.15955832428635,1086808.62,41133.89436353805,2178614.85,82267.74137336118,41.66161178838112,1.088867602986917,1956.55,9.07808438832864,1881.45,14.87006008288759,2000.0,0.0,13567.592122746908,934.0704294671708,0.0,0.0,564.0,21.563156006709615,0.20091279847353788,0.016310439167411952,0.41494998185660814,0.03192010783425266
500-500,-50:-1,-50,-1,50,451,500,host_pretrain,0.0,0.0,0.57122,0.021268247867347673,0.50275,0.022150747442127045,2033.588764992679,95.30028136277072,89.14665927997437,3.3102159942147718,281291.85974839097,14785.820284906204,68113.71042057355,2086.132594525373,1.0,0.0,0.0,0.0,0.0,0.0,0.0,0.0,0.30443000000000003,0.02035576687079018,0.6777999999999998,0.02022223468141451,0.01777,0.0028841756860071995,0.0,0.0,0.0,0.0,1000.0,1.616244071283537,,,1.6951749015247868,0.028187303685407325,0.1000000014901161,0.0,0.015784362446516705,0.0003966227288313718,,,0.638312393992546,0.0070667317654205634,2000.0,0.0,0.0,0.0,0.0,0.0,0.0,0.0,0.0,0.0,19.281807223409416,0.7897857913654316,1142.44,42.536495734695336,1005.5,44.3014948842541,2000.0,0.0,14339.853581930794,796.772785377219,0.0,0.0,1355.6,40.444469362829025,0.17722084639544228,0.014363024062412627,0.3774869376118498,0.02138762411288762
500-500,0:49,0,49,50,501,550,routing_train,2450.6026563139258,1175.2938850370756,0.93509,0.10007816791827052,0.9008999999999999,0.10131432197243731,1340.370939033746,144.7973719233121,105.7347725242914,7.7922362943250025,205812.64466811175,25109.525935669375,102401.51158653181,12742.728023663798,0.44214961652110996,0.06065661626585323,0.3876289253428861,0.0653484436627073,0.16992145838541575,0.0568957713469889,0.08188,0.06475239811176485,0.5431566764858242,0.07328652526778592,0.455352478149099,0.07164398969402913,0.0014908453650768199,0.0030751637787738684,0.33436873747494983,0.020449230092142837,1607.48,254.7741088309647,0.0,0.0,1.2130379986559179,0.2661080375530269,,,0.12431633204221722,0.014400332007947308,0.016755588352680203,3.504670666704855e-18,0.3754447665932064,0.16770857880041576,,,3316.18,489.74427687793747,100.0,707.1067811865476,3214.94,509.5318543646166,41956.64,23528.481007511222,88910.9,47056.86533366425,56.697972592115406,9.098637740305639,1870.18,200.15633583654105,1801.8,202.62864394487463,2000.0,0.0,13765.292276740263,982.0782260180973,0.0,0.0,669.02,199.20243933429805,0.1961745607750776,0.021333317612817704,0.41784221364978746,0.04617630937463676
500-500,50:99,50,99,50,551,600,routing_train,2974.0958460619668,152.04538732214073,0.9720300000000002,0.007514211026244791,0.9296899999999999,0.009588412436958715,1329.3228279151122,36.4326365702026,104.72027119413653,4.115159892188159,193945.44403135913,8094.1936478890075,103222.62613640139,3849.75552839092,0.4730896605146111,0.025010322540538456,0.3291606336796423,0.014190846412622403,0.19766223486418297,0.02042475939089919,0.03794,0.007951793534050244,0.5395489455951262,0.022553558603727413,0.4601004435814056,0.022616778079358267,0.0003506108234680319,0.0004967493336790286,0.40450901803607203,0.02044923009214284,1491.2,32.0356943780795,0.0,0.0,0.9578611089203162,0.05521406192448847,,,0.11158774435520169,0.0018887741930548462,0.016755588352680203,3.504670666704855e-18,0.3587982664780816,0.0030170558657565006,,,2982.66,63.71287954886487,0.0,0.0,2982.4,63.75495178847696,118547.72,21666.759662841763,242092.68,43333.5951707924,50.38344378169626,1.75620986628694,1944.06,15.02842205248958,1859.38,19.176824873917425,2000.0,0.0,13403.265620579521,841.6031377128511,0.0,0.0,647.96,26.24061348212666,0.207845989656038,0.013910001896810693,0.4427407624717179,0.028035161786855518
500-500,100:199,100,199,100,601,700,routing_train,2979.339361688948,160.03549311730433,0.9731000000000001,0.005916933412681019,0.926435,0.009588675717751747,1352.3969017076968,43.33750841664275,106.25541596174676,5.374074826518356,196552.06490373518,9969.728862628082,103882.28276458208,5538.527448803028,0.47936913776513135,0.034208186845114286,0.3119804434045311,0.012683922739191285,0.20853325270793716,0.033274240008952245,0.03153,0.0061376549333445,0.5190679907945814,0.03152518540885373,0.4807446526397286,0.03150881287629766,0.00018735656568998,0.00040228870297004203,0.5097194388777555,0.04069748373370224,1453.78,26.699820299777375,0.0,0.0,0.8451244999203404,0.026657178059975178,,,0.10482515968382355,0.002247442702484891,0.016755588352680203,3.486925384749193e-18,0.35855318468391234,0.002649624677421599,,,2907.87,53.48079141621832,0.0,0.0,2907.53,53.51738224184926,228680.12,42158.37702377054,462357.63,84316.63214392544,49.87836747065187,1.935838213116701,1946.2,11.833866825362032,1852.87,19.1773514355035,2000.0,0.0,13705.808021123905,887.2864326562312,0.0,0.0,667.56,30.190077974076317,0.20338699570390945,0.017343439361556495,0.43039287787367164,0.032561585959859765
500-500,150:199,150,199,50,651,700,routing_train,2976.5660965630937,155.9243460014722,0.9741399999999999,0.005231419989069967,0.9269099999999999,0.008401099296387052,1356.896142796631,47.83342253563527,107.01984453906225,5.207803687306156,197756.351649474,9701.623939953806,104314.44649362825,5748.879089314843,0.4770678320776341,0.03293107435784834,0.30666080676107815,0.013172720775404505,0.2161391752503993,0.03165947934365648,0.029449999999999997,0.006128929393475184,0.5101599374756485,0.028434801383812942,0.4896732873965098,0.0283851018868395,0.00016677512784173,0.000430443468892372,0.5447895791583166,0.020449230092142837,1442.64,27.513084085910243,0.0,0.0,0.8251625004225412,0.01836470294229284,,,0.10325292438268657,0.001161425832865612,0.016755588352680203,3.504670666704855e-18,0.3584081264763989,0.0024318022518466866,,,2885.62,55.27921334978845,0.0,0.0,2885.24,55.35324778923389,264996.52,21051.155073490936,534990.3,42102.30012052519,49.43874036964029,1.8555528531577155,1948.28,10.462839978139936,1853.82,16.80219859277411,2000.0,0.0,13843.719022373101,803.8763713664985,0.0,0.0,671.9,29.296687839538222,0.20090478116541707,0.015495698048612769,0.4251529818164268,0.029692515323022535
500-500,200:249,200,249,50,701,750,routing_train,2988.695723623019,168.49945552547305,0.97308,0.0059943510823073426,0.92578,0.008920945314602169,1354.392252742134,39.47897111731797,105.92382958614198,4.92368020433836,195962.37997961987,9584.0648600659,103879.6895754875,5334.305902510262,0.48717653546985606,0.031145548836234938,0.30280207813448473,0.011901471618807568,0.20988878994118423,0.026880576684852178,0.02873,0.006066140554297254,0.5159293025810142,0.02932963312604754,0.4838258282160604,0.02936432358827484,0.000244869202925302,0.00043026263163812586,0.6149298597194388,0.020449230092142834,1434.52,24.547529906078044,0.0,0.0,0.7948171630437874,0.009908549866521532,,,0.10356747612357137,0.0012906027239508067,0.016755588352680203,3.504670666704855e-18,0.35823816687620175,0.0028415945594297363,,,2869.44,48.678101349789806,0.0,0.0,2869.06,48.70503054100264,336929.44,20938.274743421924,678856.5,41876.63414502563,48.833979518450796,1.7685696105968867,1946.16,11.988702164614681,1851.56,17.841890629204347,2000.0,0.0,13612.689343113783,973.6973086467093,0.0,0.0,674.22,28.13690292342867,0.20410133100347547,0.016070245424853517,0.430763334739231,0.031055591613462476
500-500,250:299,250,299,50,751,800,routing_train,2951.4108727133817,144.63380454960804,0.97414,0.00576498933570708,0.9261300000000001,0.008393273545901298,1364.0920017559506,46.37607542733542,107.43826516685111,5.080183140475568,198528.91309771803,9437.130010969637,106080.75182233885,5578.825143051886,0.4781582639538486,0.029089445466421966,0.29609458577035747,0.010054128893003236,0.22555760726277208,0.025387901195566356,0.02532,0.005158468369425885,0.5063523164722369,0.023168122660362382,0.4934126973068548,0.02313024114763857,0.00023498622090833,0.0004593268385045095,0.6850701402805609,0.020449230092142858,1420.64,20.164385658372826,0.0,0.0,0.781901331933388,0.017724300439905867,,,0.10435913652181622,0.0010049050021777685,0.016755588352680203,3.504670666704855e-18,0.3582876433714769,0.002279497976885878,,,2841.86,40.66840020839526,0.0,0.0,2841.32,40.56712250790569,408172.04,20722.595355893085,821341.66,41445.24454816923,48.67517600361258,1.818372361760993,1948.28,11.529978671414154,1852.26,16.786547091802593,2000.0,0.0,13680.386211494817,872.8270188058431,0.0,0.0,669.2,31.227930982845912,0.20264543734051532,0.015205117427871168,0.4269601171589257,0.0291245763880044
500-500,200:299,200,299,100,701,800,routing_train,2970.0532981682004,157.34518430253678,0.9736100000000001,0.005875209001225475,0.925955,0.008619069473316627,1359.2421272490421,43.12411912342322,106.68104737649654,5.035060275160928,197245.6465386689,9550.212694424617,104980.22069891318,5541.800967012183,0.4826673997118523,0.03032301555645567,0.29944833195242115,0.011467370281178718,0.21772319860197814,0.027178094171688028,0.027025,0.0058583338721496375,0.5111408095266256,0.02673201115750757,0.4886192627614576,0.026735518630170877,0.000239927711916816,0.00044280657466763673,0.6499999999999999,0.04069748373370223,1427.58,23.412497741698783,0.0,0.0,0.7883592474885875,0.01569103407126593,,,0.1039633063226938,0.0012175780642959654,0.016755588352680203,3.486925384749193e-18,0.3582629051238394,0.0025630020291931748,,,2855.65,46.72796299061757,0.0,0.0,2855.19,46.722195318216116,372550.74,41367.01089364751,750099.08,82734.03894843288,48.75457776103169,1.7863454400052712,1947.22,11.750418002450944,1851.91,17.238138946633256,2000.0,0.0,13646.537777304298,920.5857318410272,0.0,0.0,671.71,29.679532450236582,0.2033733841719954,0.015581639504591844,0.42886172594907834,0.03001404669315314
500-500,300:399,300,399,100,801,900,routing_train,3005.2858591121103,146.62456592344594,0.9750350000000002,0.005230183862191007,0.9276750000000002,0.008266817874961186,1353.166686327439,35.90368038465527,107.54007164644536,4.790399179440987,198544.33976417256,9153.377550122616,105019.21625296872,5488.291333299824,0.4942691194425767,0.029228056989734484,0.2822705123625191,0.011795170034523995,0.22334193718587167,0.025314372000099374,0.019149999999999997,0.005452503826665139,0.5192376878092173,0.023199982437708776,0.48054356796548425,0.02316424856815752,0.00021874422529844498,0.0003951185301176496,0.7902805611222444,0.04069748373370223,1393.5,22.83427337149226,0.0,0.0,0.7388273779719147,0.016978167703064564,,,0.10276583671569821,0.0013740201570099826,0.016755588352680203,3.486925384749193e-18,0.35843651353923434,0.0022771853854659193,,,2787.31,45.79018795693367,0.0,0.0,2786.98,45.79333902425002,513572.48,40319.08482719599,1032142.37,80638.1540975217,47.705845872201024,1.8098175313595843,1950.07,10.460367724382014,1855.35,16.53363574992237,2000.0,0.0,13866.164339243865,859.4934896751894,0.0,0.0,660.62,27.84545372101688,0.1998668176789531,0.014225893822377966,0.41972643718871483,0.02752308514401647
500-500,400:499,400,499,100,901,1000,routing_train,3006.6163915722677,150.23833986890713,0.9753250000000001,0.005403597286656706,0.93015,0.008379719384901672,1341.3192195510962,40.46707716270286,107.40216504012572,4.7619109744385515,198235.42439269644,9181.108501538381,104832.09089122128,5156.913697584857,0.49440475388284155,0.028439691118178987,0.27967411692173305,0.01187804772986781,0.22579919307552404,0.026283031144028607,0.022744999999999998,0.006398190637543041,0.5145781664634846,0.025303179227482014,0.48527462467034654,0.025290152738943097,0.00014720886616888699,0.00031527985329928904,0.930561122244489,0.04069748373370223,1388.46,22.962164752065735,0.0,0.0,0.727026516057999,0.009521880260243965,,,0.10122691966593261,0.0023510599369872256,0.016755588352680203,3.486925384749193e-18,0.35844529273815584,0.0024549840864333218,,,2777.27,45.88453999007737,0.0,0.0,2776.93,45.80067817415067,652753.8,40309.84702265564,1310505.0,80619.6388950965,46.97349404858425,1.6192363247251553,1950.65,10.807194573313398,1860.3,16.759438769803356,2000.0,0.0,13850.671111191763,912.3971971902798,0.0,0.0,664.87,28.771357460172265,0.20191115378907334,0.015917916170965832,0.41822095173339313,0.0296467155170229
500-500,0:499,0,499,500,501,1000,routing_train,2934.7288323458947,427.7487345153863,0.9701260000000002,0.033939223116203815,0.9251020000000001,0.03384049281419843,1348.1943636619408,59.96340104788776,106.62124437680566,5.310011195627791,198091.3039898017,12159.992730085247,104305.17589383037,6449.553878124406,0.4816660098640525,0.03737240963600861,0.3063536368304937,0.039261994064290436,0.21183788563922207,0.03549833665310679,0.032072,0.027465022682347878,0.5210754931268768,0.035537092811706215,0.4785817137804539,0.03529244542634282,0.00034279309266931085,0.0011064927171982044,0.65,0.20267992572665178,1442.532,105.04460821684691,0.0,0.0,0.8369574390453918,0.16731089238572466,,,0.10614665211737154,0.008244594546128081,0.016755588352680203,3.472921611764819e-18,0.3601638825241572,0.0528556602315599,,,2895.504,223.1031780142994,10.0,223.60679774997897,2885.06,210.07349701544123,369561.864,206668.8460508295,744121.174,413337.6726839731,49.37059866787493,4.277369916916228,1940.252,67.87844623240761,1850.204,67.68098562839687,2000.0,0.0,13730.692039504744,905.1405163617486,0.0,0.0,664.65,68.42976520149008,0.2021097253118978,0.016445222040830963,0.4254986961611221,0.032562576938456114
500-500,last100,400,499,100,901,1000,routing_train,3006.6163915722677,150.23833986890713,0.9753250000000001,0.005403597286656706,0.93015,0.008379719384901672,1341.3192195510962,40.46707716270286,107.40216504012572,4.7619109744385515,198235.42439269644,9181.108501538381,104832.09089122128,5156.913697584857,0.49440475388284155,0.028439691118178987,0.27967411692173305,0.01187804772986781,0.22579919307552404,0.026283031144028607,0.022744999999999998,0.006398190637543041,0.5145781664634846,0.025303179227482014,0.48527462467034654,0.025290152738943097,0.00014720886616888699,0.00031527985329928904,0.930561122244489,0.04069748373370223,1388.46,22.962164752065735,0.0,0.0,0.727026516057999,0.009521880260243965,,,0.10122691966593261,0.0023510599369872256,0.016755588352680203,3.486925384749193e-18,0.35844529273815584,0.0024549840864333218,,,2777.27,45.88453999007737,0.0,0.0,2776.93,45.80067817415067,652753.8,40309.84702265564,1310505.0,80619.6388950965,46.97349404858425,1.6192363247251553,1950.65,10.807194573313398,1860.3,16.759438769803356,2000.0,0.0,13850.671111191763,912.3971971902798,0.0,0.0,664.87,28.771357460172265,0.20191115378907334,0.015917916170965832,0.41822095173339313,0.0296467155170229
